"State","District","Women.Age.Group.15.To.49.Years.Who.Are.Anaemic","Women.Suffering.From.High.Blood.Sugar.Level","Children.Age.Group.6.To.59.Months.Who.Are.Anaemic","Women.With.Body.Mass.Index..Bmi..Below.Normal","Prevalence.Of.Symptoms.Of.Acute.Respiratory.Infection..Ari..In.The.2.Weeks.Preceding.The.Survey","Women.Age.Group.15.To.19.Years.Who.Were.Already.Mothers.Or.Pregnant.At.The.Time.Of.The.Survey","Women.Mildly.Elevated.Blood.Pressure","Women.Moderately.Or.Severely.Elevated.Blood.Pressure","Children.Under.5.Years.Who.Are.Severely.Wasted..Weight.For.Height","Children.Age.Group.12.To.23.Months.Who.Have.Received.Bacillus.Calmette.Guerin..Bcg","Female.Population.Age.6.Years.And.Above.Who.Ever.Attended.School"
"Andaman And Nicobar Islands","Nicobars",38.3,7.4,37.7,8.2,1.8,1.8,23.2,8.5,7.8,80.4,78
"Andaman And Nicobar Islands","North And Middle Andaman",62.1,7.2,30.4,8.6,7,3.8,18.4,4,8.3,0,82.7
"Andaman And Nicobar Islands","South Andamans",57.7,7.5,43.4,10,0,2.8,12.7,4.9,3.5,100,84.7
"Andhra Pradesh","Ananthapuramu",50.5,5.4,55.8,21.9,2.6,13.6,12.4,8.5,4,95.7,59.5
"Andhra Pradesh","Chittoor",51.8,6.9,54.9,20.1,3.1,19.7,10.7,5.4,6.3,97.2,65.6
"Andhra Pradesh","East Godavari",63,7.5,66.8,10.2,2.2,6.2,13,6.6,3.8,92.7,75.4
"Andhra Pradesh","Guntur",59.5,7.8,59.3,9.6,1,20.7,14.7,5.9,8.1,97.6,64.9
"Andhra Pradesh","Krishna",60.3,7.9,65.7,10.5,2.4,9.6,13.4,4.3,5.2,93.9,74
"Andhra Pradesh","Kurnool",58.6,6.9,70.8,20.6,4.2,12.4,18.3,5.1,6,95.9,55.2
"Andhra Pradesh","Prakasam",60.4,7.9,62.6,14.4,2.9,16.4,14.6,6.4,3.3,89.3,58.1
"Andhra Pradesh","Sri Potti Sriramulu Nellore",59.4,8.2,67.5,15.2,3.9,14.9,12.7,4.5,6.9,89.2,67.9
"Andhra Pradesh","Srikakulam",62.6,8.2,59.6,13.8,1.3,5.5,12.8,5.9,7.4,93.3,60
"Andhra Pradesh","Visakhapatnam",58,6.1,72.6,17.4,2,9.5,12.1,5.9,11.2,97.9,66.8
"Andhra Pradesh","Vizianagaram",64,6.2,66.7,16.9,1.4,12.7,12.9,6.6,8.3,100,56
"Andhra Pradesh","West Godavari",63,7.3,62.3,10.1,1,13.4,14.7,6.1,4.7,94.8,75.4
"Andhra Pradesh","Y.S.R.",56.1,8.4,60.6,15.9,2.3,10.9,13.6,5.7,4.2,92,61.9
"Arunachal Pradesh","Changlang",57.2,5.6,65.3,10.5,0.8,9,13.8,6.7,8.3,86.1,74.6
"Arunachal Pradesh","Longding",34.1,5.3,38.4,4,0.8,2.2,15.7,4.1,14.2,74.5,63.2
"Arunachal Pradesh","Lower Dibang Valley",34.6,4.6,51.5,4.1,1,1.6,16.7,8.1,2.9,89.2,76.8
"Arunachal Pradesh","Namsai",58.6,5.6,59.2,12.8,0.2,11.3,17.5,7.7,4.2,83.5,72.1
"Arunachal Pradesh","Papum Pare",38.4,4.8,53.4,5.3,1.9,6,13.6,3.5,5,88.1,77.6
"Arunachal Pradesh","Tirap",32,4.6,48.4,5.5,3.3,4,16.7,7.8,7.3,82.8,69
"Arunachal Pradesh","Upper Subansiri",36.7,3.6,60.4,2.8,1.3,13.2,17.7,5.9,8.1,89.8,61.4
"Arunachal Pradesh","West Siang",30.5,4.9,45.6,4.4,2.2,4.7,23.3,8.5,8.1,93.7,73.6
"Assam","Baksa",73.6,8.7,78.6,15.1,0.8,12.3,15,7.2,6.2,93.6,74.1
"Assam","Barpeta",64.8,8.1,63.5,14.6,1.5,14.2,9.6,3.9,7.5,94.3,75.4
"Assam","Biswanath",64.4,5.5,79.8,22,2,9,14.5,7,13.7,88.3,72.1
"Assam","Bongaigaon",70.6,7.6,77.2,13.1,1.6,15.4,7.9,4,7.4,94.1,77
"Assam","Cachar",57.4,6.4,61.8,19.7,2.1,8.5,9.7,3.7,12.5,88.3,80.5
"Assam","Charaideo",72.3,7.1,69.7,24.7,2.2,3.8,9.3,5.2,7.3,96.2,75
"Assam","Chirang",65.2,5.7,70.4,17.2,1.6,13.7,14,5.2,8.5,98.2,71.5
"Assam","Darrang",70.4,7,66.8,17.4,2.3,16.1,9.6,4.3,9.1,94.9,75.2
"Assam","Dhemaji",62.9,4.9,73.1,12.1,3,10.8,10.1,4.6,10.1,96.7,77.3
"Assam","Dhubri",63.2,4.6,73.1,22.2,1.7,22.4,11.3,5.5,6.7,90.5,71.8
"Assam","Dibrugarh",70.8,7.9,66.4,20.3,2.5,4.8,10.7,4.3,8.4,97.8,79.5
"Assam","Dima Hasao",60.5,5.6,73.1,10,2.7,5.4,11.2,3.5,11.3,91.3,85.1
"Assam","Goalpara",64.9,6,60.7,12.2,2.1,13.3,11.1,3.3,14.3,98.4,78.5
"Assam","Golaghat",77.2,6.4,75.1,25.1,4.1,9.5,10.7,6.9,5.4,92.6,77.6
"Assam","Hailakandi",61.4,7.1,59.5,25.7,4.9,10.4,12.2,5.8,8.2,95.4,81.5
"Assam","Hojai",56.3,6.3,56.8,19.3,2.4,15.6,11.6,6.9,4.6,82.1,79.1
"Assam","Jorhat",71.8,7.7,74.1,22.5,3,12.9,14.3,7.1,5.1,100,84.4
"Assam","Kamrup",71.5,7.1,72.9,12.9,1.5,15.7,12,3.9,5.3,90.5,79.4
"Assam","Kamrup Metro",74.6,8.3,80.4,12.6,1.3,10.1,8.2,2.6,7.3,90.6,87.5
"Assam","Karbi Anglong",59,6.5,67.5,10,2.2,9.1,10.9,6.5,8.7,88.7,76.4
"Assam","Karimganj",52,6.3,64.1,17.8,2.3,9.9,9,2.6,30.5,95.5,82.1
"Assam","Kokrajhar",59.5,5.9,74.7,10.6,3.8,11.3,11.3,5.3,8.9,95.3,75.2
"Assam","Lakhimpur",65.4,5,69.3,17.3,3.9,8.2,13,4.4,7.5,94.5,83.2
"Assam","Majuli",67.8,6.8,73,18,3,10.4,10.9,6.2,3.9,95.2,78.4
"Assam","Marigaon",64.2,5.5,53.3,15,5.9,11.6,12.7,4.9,7.5,91.3,79.1
"Assam","Nagaon",61,8.3,68.6,21.5,2.8,15,8.9,2.9,5.2,86.9,81.3
"Assam","Nalbari",66.4,8,71,16.4,2.2,8.6,12,5,4.9,89.9,81.8
"Assam","Sivasagar",67.6,7.9,67.5,20.5,0.4,12.8,11.5,5.9,6.1,95.7,87.1
"Assam","Sonitpur",63.6,5.1,69.4,21.4,2.4,6.5,14.5,8,4.5,90.4,74.9
"Assam","South Salmara Mancachar",57.1,5.3,69.6,11.9,3.9,22,11.3,3.1,7.1,97,69.4
"Assam","Tinsukia",72.8,8.9,66.4,17.6,2,6.1,9.6,4.7,9.4,97.2,72.6
"Assam","Udalguri",81.5,6.6,77.6,16.1,2.3,4.7,10,7,11.6,78.6,70.6
"Assam","West Karbi Anglong",57.9,6,79,13.1,2.9,6,11.3,4.2,12.7,92.7,73.8
"Bihar","Araria",67.9,6.9,75.8,30.4,6,13.3,5,2.9,5.2,90,53
"Bihar","Arwal",66.9,6.3,65.8,31.9,5,8.8,8.6,2.6,14.8,97.3,62.6
"Bihar","Aurangabad",60.5,6.5,68.4,25.8,2.5,7.3,10.4,4.2,18.5,99.4,65
"Bihar","Banka",65.9,7.2,77.8,23.8,2.3,19.2,10.6,4.8,11,98.1,59.3
"Bihar","Begusarai",62.9,6.8,74.5,26,3.1,12.1,7.1,2.4,8.8,96.6,65
"Bihar","Bhagalpur",73,7.5,78.7,22.9,1.1,14.3,7,3.2,8.3,96,65.1
"Bihar","Bhojpur",73.6,6.8,67.7,23.1,1.4,5.3,8.3,2.7,13,98.4,67.9
"Bihar","Buxar",66.2,7.1,68.3,21.1,3.7,7.2,9.2,2.8,15.1,97.3,64.8
"Bihar","Darbhanga",60.8,6.4,68.9,25.6,3.8,10.3,9,3.7,6.4,95.2,54.9
"Bihar","Gaya",64.3,4.2,76.7,26.8,4.1,7.2,11.5,3.9,9.3,97.1,59.6
"Bihar","Gopalganj",53.8,4.7,56.1,22.7,5.9,7.6,11.7,5.1,9.8,98.4,63.3
"Bihar","Jamui",75.2,5.4,81.9,31,1.9,15.4,7.3,4.1,8.8,97.5,53.1
"Bihar","Jehanabad",68.1,6.9,61.9,27.2,3.4,12,8.9,2.6,15.2,100,61.7
"Bihar","Kaimur (Bhabua)",70.3,4.4,71.4,25.6,4.2,2.6,7.9,3.3,15.9,98.2,62.3
"Bihar","Katihar",68.4,6.5,65.6,26.4,2.1,16.1,6,4,8.7,93.2,57.5
"Bihar","Khagaria",59.5,8.4,67.1,24.7,1.6,15.1,7.5,2.3,9.3,97.1,60.6
"Bihar","Kishanganj",65.1,5.6,67.5,29.1,1.8,10,8.5,3.6,7.6,93.2,56
"Bihar","Lakhisarai",72.6,7.3,77.2,25.3,1.3,13,6.6,3.4,10.4,92.9,61.2
"Bihar","Madhepura",65.7,8.7,67.7,32,1.6,20.8,5.3,1.9,6.2,97.6,58
"Bihar","Madhubani",61.4,7.4,71,25.1,4.4,10.2,9.5,4.2,6,95.7,55.6
"Bihar","Munger",71.4,9.8,74.3,23.7,2.6,9.6,9.8,3.5,9.1,95,69.5
"Bihar","Muzaffarpur",58.9,6.9,64.6,25.2,4.3,8.2,9.8,5,8.1,99.1,65.1
"Bihar","Nalanda",71,6.8,80.3,23.8,5.3,10,8.2,3.3,12.1,95.7,59.6
"Bihar","Nawada",70.4,4.9,73.3,28.4,2.8,9.4,8.8,3.8,9.1,94.6,61.4
"Bihar","Pashchim Champaran",50.6,4.3,61.6,24.6,6.6,12.5,11.3,5.1,5.4,88.8,59.8
"Bihar","Patna",67.1,7.6,65.4,22.6,0.7,10.1,8.1,2.5,10.6,98.4,69.5
"Bihar","Purbi Champaran",57.3,5.3,61,23.4,4.7,12.7,9.1,4,5.7,90.8,58.2
"Bihar","Purnia",66,6.9,68,31.4,2.7,21.4,8.2,2.7,8,88.1,53.6
"Bihar","Rohtas",64.9,5.3,70.3,22.9,3.1,4.6,10.5,3.9,18,97.6,70.5
"Bihar","Saharsa",65.3,6.6,69.3,31,2,23.5,6.2,2.8,8.3,97.1,50.2
"Bihar","Samastipur",60.5,8,67.2,26.7,4.5,14.9,7.1,4.2,7.9,99,60.9
"Bihar","Saran",62.8,8.1,69.8,22.1,1.6,6.2,8.4,3.3,10,95.2,64.8
"Bihar","Sheikhpura",69.5,5.7,80.1,24.1,6.8,10.2,9.2,4.2,7.7,99.2,58.5
"Bihar","Sheohar",61.6,4.2,73.1,20,5.2,3.3,10.1,3.7,21.4,92.8,56.2
"Bihar","Sitamarhi",61.7,6.2,70,31.8,3.4,13.1,9.9,4.3,4.7,92.7,59.1
"Bihar","Siwan",53.1,3.4,63.9,18.1,7.4,2.6,12.4,5.2,5.8,97.4,70.7
"Bihar","Supaul",60.7,6.8,63.6,30.9,5,17,6.3,2.5,8.2,99.2,50.9
"Bihar","Vaishali",63.1,6.5,77.1,26.1,3.9,8.1,6,3.5,6.5,97.4,64.5
"Chhattisgarh","Balodabazar-Bhatapara",61.2,3.1,67.8,19.4,3,2.7,14.2,6.2,9.4,97,66.7
"Chhattisgarh","Balrampur Ramanujganj",63.4,4.1,50.1,28.7,0.5,9.1,15.5,9.2,7.9,92.4,62.1
"Chhattisgarh","Bastar",77.2,4.6,80.7,34.9,5.3,6,13.1,7.2,9.1,93.9,58
"Chhattisgarh","Bemetara",47,4.7,61.8,21,0,4.9,17.1,7,3.9,100,65.3
"Chhattisgarh","Bijapur",72.1,4.4,77.2,43.6,2.8,5.2,9.7,3.5,8,92.7,47.4
"Chhattisgarh","Dakshin Bastar Dantewada",76,5.8,89.9,25.9,1,6.7,14.8,2.6,9.6,95.1,51
"Chhattisgarh","Gariyaband",64.6,4,73.9,20,4.8,3.6,15.5,5.6,10.6,100,67.4
"Chhattisgarh","Janjgir-Champa",66.3,4.1,74.1,21.5,2.1,3.5,15.1,5.1,12,94.1,67.7
"Chhattisgarh","Jashpur",61.5,5,54.1,27.5,0,5.5,17.3,10.4,3.9,95.5,67.9
"Chhattisgarh","Kabeerdham",43.6,5.6,67.5,20.6,0,1.5,16.5,6.7,3.1,98.5,61.7
"Chhattisgarh","Kondagaon",79.7,4.5,76.6,31.3,4.4,3,12.2,6.5,8.8,96.9,57.5
"Chhattisgarh","Korea",64.4,7.5,56.3,25.1,0.4,5,14.5,8.5,4.7,90.2,69.7
"Chhattisgarh","Mahasamund",63,4.1,75.8,21.3,2.4,1.2,11.7,4.3,3.6,98.2,68.6
"Chhattisgarh","Mungeli",54.5,4.8,62,20.9,0,3.1,17.5,7.5,5,98.7,63.6
"Chhattisgarh","Narayanpur",72,3.9,86.8,28.1,1.6,2.5,13.4,3.7,8.3,100,54
"Chhattisgarh","Raigarh",62.2,4,62.7,26.9,0.8,1.3,15.5,8.7,2.9,100,72.2
"Chhattisgarh","Raipur",59.1,4,74.6,14.4,3.8,3.3,11,3.6,10.3,96.6,77.1
"Chhattisgarh","Sukma",78.4,4.3,91.4,34.5,1.8,2.7,10.5,2.7,9.9,95,45.9
"Chhattisgarh","Surajpur",60.7,4.9,51.1,29.5,0,4.5,16.6,7.2,5.8,92.6,64.8
"Chhattisgarh","Surguja",58.3,4.3,51.4,26.8,0.3,6.4,16.7,9.8,7.6,96.4,66.3
"Chhattisgarh","Uttar Bastar Kanker",65.2,3.4,62.3,25.5,2.8,0.8,17.2,9.1,15.7,94.6,70.2
"Delhi","East",42.5,4.6,65.9,11.9,4.5,1.3,16.6,6.2,4.3,95.7,84.4
"Delhi","North",47.2,4,67.5,9.2,5.7,8.2,11.6,6,3.8,96.3,80.8
"Delhi","North East",45.9,3.6,62.5,9.6,2.3,1.6,16.6,7.5,3.8,95.7,82.7
"Delhi","North West",51.4,5,73.6,9,8.8,3.7,14.3,5.1,5.9,95.4,84.2
"Goa","North Goa",40,7.9,55.2,14.1,1.5,2.7,11,4.1,7.3,97.1,89.5
"Goa","South Goa",37.6,9.4,50,13.5,0,2.8,13.6,3,8,0,88.2
"Gujarat","Ahmadabad",63.7,10.2,72,19.4,1,4.4,8.4,3.3,7.4,93,79.8
"Gujarat","Amreli",50,8.3,72,18.3,0.3,1.6,8,4.3,7.2,93.4,69.9
"Gujarat","Anand",66.4,9.8,78.4,32,0,7,15.9,6.1,10.9,98.1,75.2
"Gujarat","Arvalli",77.3,6.7,89.5,34.4,1.8,6.7,11.8,6.9,9.3,95.2,68.6
"Gujarat","Banas Kantha",60,7.6,79,36.7,0,5.1,7.9,2.9,8.5,86.4,61.1
"Gujarat","Bharuch",71.8,7.6,81,30.3,0.4,5,14.4,4,8,91.5,76.7
"Gujarat","Bhavnagar",49.4,8.8,71.5,20.8,1.8,1.5,9.8,4.1,6.3,90.6,72
"Gujarat","Botad",58.8,8.8,75.5,19.6,0.6,2.2,6.2,3,9.6,94,68.9
"Gujarat","Chhotaudepur",78.9,6.3,87.7,30.9,2.7,4.3,12.1,5.7,13.8,98.7,52.3
"Gujarat","Dang",77.2,4.1,82.4,33.7,2.7,13,18.3,4,22.2,94.9,69.9
"Gujarat","Devbhumi Dwarka",48.8,6.4,66.7,22.4,0,3.8,9.7,4.4,17.2,92.3,59
"Gujarat","Dohad",75.1,7,87.2,39.1,3.7,7.4,12.8,4,13.4,88.9,59.6
"Gujarat","Gandhinagar",68.8,8.7,81.2,21.2,0.4,5,12.6,5.8,9.9,94.2,77.6
"Gujarat","Gir Somnath",49.9,6.2,68.9,24.8,0.7,0.9,6.5,3.3,4.9,98.8,65.8
"Gujarat","Jamnagar",50.2,8.1,75,17.3,2.1,1,8.2,3.2,12.5,100,72.8
"Gujarat","Junagadh",58.8,9.2,74.7,18.7,1.5,5,12.7,5.6,7.1,95.3,73.8
"Gujarat","Kachchh",57.5,6.7,68.6,28.1,0.5,5.7,10.8,4.4,10.6,97.4,66.6
"Gujarat","Kheda",76.1,8.5,85.1,32.2,1.5,10.4,14,6.3,12.1,90.1,74
"Gujarat","Mahesana",69.3,9.7,86,24.4,0.5,4.5,12.9,5.9,12,92.6,71.3
"Gujarat","Mahisagar",72.5,7,85.9,30.7,0.9,6.1,10,4.1,12,97.2,66.1
"Gujarat","Morbi",50.7,9.7,75.3,21.2,0.9,3.4,9.3,4.2,12.5,95.9,70.5
"Gujarat","Narmada",75.9,6.3,93.2,30.7,1,12,12,5.6,9.9,88.3,66
"Gujarat","Navsari",68.7,6.2,75.3,21.8,3.9,3.3,14.9,5.4,9.3,100,77.9
"Gujarat","Panch Mahals",69.8,8.2,91,33.1,0.9,10.5,14.9,6.4,19.7,99.1,70.1
"Gujarat","Patan",59.8,10.2,76.2,29.3,0.5,2.3,8.3,3.7,6.5,97.2,64.8
"Gujarat","Porbandar",47.6,9.2,77.9,15.8,0.8,1.9,8.7,3,14.2,96.6,74.9
"Gujarat","Rajkot",60.5,7.7,77,19.5,1.2,1.8,9.4,2.5,7.3,95.8,78.4
"Gujarat","Sabar Kantha",67.3,8.1,81.1,26.6,0.5,6.1,14.7,6.6,16.6,98.6,68.7
"Gujarat","Surat",69,6.8,83.6,21,0,4.4,15.3,4.9,14.7,100,82.7
"Gujarat","Surendranagar",55.6,8.5,81,24.1,2.9,6.3,9.9,3.5,8.8,91.2,66
"Gujarat","Tapi",77.4,7.1,80.7,35.4,1.6,9.9,16.7,7.6,17.1,97.5,66.1
"Gujarat","Vadodara",72.3,7.8,86.4,20.9,0.7,10.3,13.8,4.9,5.2,93.2,82
"Gujarat","Valsad",75.7,7.3,87.6,23.8,0.6,6.5,15.5,5.1,9.1,98.5,79
"Haryana","Ambala",46.1,4,64.2,14.8,5.8,0.8,15.3,9.4,4,97.7,82.2
"Haryana","Bhiwani",66.4,5.4,69.2,19.5,0.3,3.4,12.3,3.9,1.9,95.3,70.2
"Haryana","Charki Dadri",72.6,5.2,67.2,17,0.3,3.1,13.7,4.7,2.6,92.4,69.6
"Haryana","Faridabad",54.2,3.8,68.4,10,1.2,2.8,15.2,5.3,3.6,95.4,80.5
"Haryana","Fatehabad",62.3,6.6,59.3,19.8,0.6,2.1,9.7,5,5.3,96.8,67.3
"Haryana","Hisar",63.8,7.1,70.5,18.5,2.2,3.6,9.5,6.6,5.1,100,69.3
"Haryana","Jind",59.6,6.1,68.9,18.9,0.7,1.9,9.4,4.5,1.6,96.3,71.4
"Haryana","Karnal",61.9,3.5,78.3,14.9,5.1,3.1,10.7,3.8,4.8,100,79.2
"Haryana","Kurukshetra",57.1,4.8,73.7,11.8,7.7,3.9,17.9,7.8,5,97,75.3
"Haryana","Mahendragarh",61.2,5,72.3,14.3,0.8,9.6,13.7,5,2.1,94.3,70
"Haryana","Nuh",60.6,2.9,76.4,19.2,0.7,7.6,10.6,2.9,7.1,87.2,51.2
"Haryana","Palwal",57.2,3.1,71.6,15.8,2.1,4.7,14,6.2,4.2,94.1,67
"Haryana","Panipat",66.9,4.9,73.4,13.7,4.7,5.7,11.3,4.1,2.8,96.8,78.3
"Haryana","Rewari",61.8,4,71.3,11.7,0,4.7,15.7,6.8,4.2,92.6,74.6
"Haryana","Rohtak",65.3,6.6,76.2,15.9,1.9,1.7,10.6,5.6,2.9,88.2,79.6
"Haryana","Sonipat",53.3,6.2,68.7,13.2,4,2.9,12.6,4.5,5.1,92.4,78.9
"Haryana","Yamunanagar",56.6,5.7,72.9,14,6.6,2.3,15.6,7.2,4.3,95.8,79.1
"Himachal Pradesh","Bilaspur",53,9.3,44.8,17.5,0,3.2,11.5,4.3,2.8,100,81.3
"Himachal Pradesh","Chamba",43.7,5.4,46.5,14.6,1.6,2,11.9,3.5,5.8,100,70.1
"Himachal Pradesh","Hamirpur",49.5,7.5,52,17.2,1.1,2.8,13.7,6.8,4.9,88.6,86.7
"Himachal Pradesh","Kangra",63.4,7.4,55.3,15.2,0.4,0.8,13.4,6.8,7.7,97.4,84.1
"Himachal Pradesh","Kinnaur",51.7,3.5,75.6,9.9,0.8,9.3,11.3,3.8,4.3,97.7,73.8
"Himachal Pradesh","Kullu",52.8,3.9,75.3,11,0.5,4.7,10.3,2.9,5.8,93.8,77.4
"Himachal Pradesh","Lahul And Spiti",82.1,4.1,91,9.9,1.3,3.1,8.7,3.6,10.3,97.5,65.6
"Himachal Pradesh","Mandi",48.9,6.9,52.2,12.8,0.4,6.3,10.8,4.2,8,100,79.2
"Himachal Pradesh","Shimla",46.5,4.8,59.1,9.9,3.8,6.1,10.7,4,7.8,100,81.6
"Himachal Pradesh","Sirmaur",50.1,4.5,58.5,16.1,2.8,1.8,10.9,4.5,9.1,100,75.7
"Himachal Pradesh","Solan",47.5,5.1,50.4,11.9,4,5.8,12.5,5.4,5.6,97.6,82.4
"Himachal Pradesh","Una",60.8,8.3,58.7,16.3,0.4,2.1,11.7,6.4,5.9,100,86.1
"Jammu And Kashmir","Anantnag",74.3,5,79.2,4.1,7.7,0.7,11.5,3.8,14,88.4,65.5
"Jammu And Kashmir","Bandipora",73.7,2.9,75.1,10.4,4.8,0,8.8,5,4.6,93.4,62.4
"Jammu And Kashmir","Baramulla",72.5,4.5,70.4,10.6,3.8,0,13.6,3.9,8.8,91.5,62.9
"Jammu And Kashmir","Budgam",73.9,2.9,85,4.7,5.1,1,10.9,4.5,9.1,100,62.5
"Jammu And Kashmir","Doda",66.5,4.4,80.7,5,0,2.7,12.6,3.9,6,83.6,65.1
"Jammu And Kashmir","Ganderbal",77.2,4.2,89.8,7.7,2.3,0.4,10.7,3.2,13.3,98.7,60.2
"Jammu And Kashmir","Jammu",66.6,3.6,68.4,4.2,3.6,0,10.4,3.6,10.4,95.5,84
"Jammu And Kashmir","Kathua",53.6,7.8,67,5.3,1,0,15.3,1.9,13.1,100,77.4
"Jammu And Kashmir","Kishtwar",84.8,2.9,88.5,5.1,2.2,1.8,4.3,2.2,15.3,97.3,68.9
"Jammu And Kashmir","Kulgam",77,3.4,77.7,2.1,0,1.1,19.4,3.1,4.8,100,64
"Jammu And Kashmir","Kupwara",73.5,3.6,78.8,5.1,8.9,0,10.5,2.1,14.7,98.3,68.7
"Jammu And Kashmir","Poonch",54.1,3,54.3,6.8,3.8,0.5,11.4,1.9,6.6,97,72.1
"Jammu And Kashmir","Pulwama",73.2,2.9,67.4,2.9,2.6,0,14.2,4,6.4,97,67.2
"Jammu And Kashmir","Rajouri",60.6,4.7,76.4,4.8,6.1,4.1,11.3,2.7,12,100,72.6
"Jammu And Kashmir","Ramban",59.7,5.8,62,7.6,3.4,2,11.5,2,6.6,92.2,60.8
"Jammu And Kashmir","Reasi",62.9,4.2,69.7,4.3,0.9,2.2,11,1.2,5.3,90.5,66.9
"Jammu And Kashmir","Samba",62.4,4.8,69,3.6,3.2,1.3,11.6,4,9.8,98,76.6
"Jammu And Kashmir","Shopian",63.9,3,57.1,2,3.8,0,11.5,1.4,17.4,100,71.4
"Jammu And Kashmir","Srinagar",51.7,3.5,77,3.5,2.2,1.6,9.9,1.6,7.6,95.7,68.2
"Jammu And Kashmir","Udhampur",56.5,6.1,70.4,4,4.5,1,12.9,3.4,9.6,92.9,73
"Jharkhand","Bokaro",68.8,4,66.5,26.6,2.2,5.9,13.4,6.2,9.5,97,71.5
"Jharkhand","Chatra",56,4.8,62.6,32.2,1.4,11.6,8.7,5,3.9,91.5,60.7
"Jharkhand","Deoghar",70.2,4.9,73.9,32.5,0.8,20.2,8.6,4.2,6.2,87.5,59.8
"Jharkhand","Dhanbad",63.8,4.5,66.5,26,1.8,10.9,12,4.8,5.2,94.7,68.7
"Jharkhand","Dumka",73.4,5.1,75.1,29.6,1.3,14.9,9.5,4,11,96.5,59.7
"Jharkhand","Garhwa",62.7,7,62.5,28.8,0.2,8.7,11.1,5.3,5.3,96.8,60.5
"Jharkhand","Giridih",64.7,5.5,62.8,27.3,3.1,12.3,10.1,5.1,14.5,92.4,61.6
"Jharkhand","Godda",66.3,6.7,75.1,23.6,4.2,16.1,12.4,5.1,11.2,90.7,52.7
"Jharkhand","Gumla",59.5,6.3,65.8,25.2,3,7.2,11,3.4,8.7,97.8,65.1
"Jharkhand","Hazaribagh",56.1,4.4,62.1,25.3,2.7,10.9,10.6,5.9,5.9,97.1,66.1
"Jharkhand","Jamtara",77.7,5.6,72.8,30.6,5.8,14.9,10.1,5.1,9.9,91.4,63.7
"Jharkhand","Khunti",70,6.1,66.9,20.6,1.9,4.3,7.2,3.2,16.8,91.6,63.1
"Jharkhand","Koderma",64.9,6.3,60,29.9,2.4,10.6,8.5,3.7,5,95,64.4
"Jharkhand","Latehar",63.6,5.1,68.3,31.1,6.1,8.8,8.7,5.7,5.2,97.8,60.5
"Jharkhand","Lohardaga",61.7,6,68.7,24.1,0.6,5.5,11.8,4.7,10,100,65.6
"Jharkhand","Pakur",79.7,7.9,72.1,34.4,1.2,14.4,10.1,5.7,5.9,95.4,53.1
"Jharkhand","Palamu",61,4.9,68.2,26.7,0.6,6.1,11,5,3.9,96.1,63.5
"Jharkhand","Ramgarh",62.3,3.8,59.7,27.3,2.6,5.1,12.9,5.8,7.2,98.2,68.4
"Jharkhand","Ranchi",58.9,5.1,62.8,21.2,1.9,5.5,12.9,4.6,16.8,92.5,73.3
"Jharkhand","Sahebganj",71.5,6.8,72.6,28.5,2.2,18.9,8.2,5.2,5.8,95.7,57.3
"Jharkhand","Saraikela Kharsawan",70.2,7.1,76.1,20.3,3.2,10.3,9.7,4.8,23,100,64.4
"Jharkhand","Simdega",70.6,4.7,75.4,25.8,0.6,5,11.6,7.8,7.7,92.9,68.2
"Jharkhand","West Singhbhum",72.6,4.2,73.3,33.1,2.7,6.7,12,4.6,12.9,96.2,58.4
"Karnataka","Bagalkote",48,5.4,63.8,17.1,3.1,6.9,11.1,3.8,4.4,95.5,67.3
"Karnataka","Ballari",58.1,4.2,67.5,22.2,1.6,3.2,12.7,4.8,13.6,97.6,64.2
"Karnataka","Belagavi",52.9,4.8,72.7,22.2,1.1,9.1,11.6,4.3,10.2,97.2,72.4
"Karnataka","Bengaluru Rural",44.2,5.9,60.8,14.1,0.4,6.4,15.6,7.4,9.4,100,74.3
"Karnataka","Bengaluru Urban",35.5,8.4,58.9,10,0,2,21.2,5.6,11.4,95.4,85.7
"Karnataka","Bidar",55.9,4.7,69.3,24.9,2.4,4,13,4.2,11.1,97.7,68.2
"Karnataka","Chamarajanagara",46.3,6.5,68.7,17.9,3.6,6.1,16.9,9.3,6.8,97.9,63.2
"Karnataka","Chikkaballapura",45.5,4.8,59,22.6,1,5.3,13.5,7.5,6.1,87.9,65.9
"Karnataka","Chikkamagaluru",40.8,6.6,53.2,14.2,0.4,5.5,18.2,7.7,11.5,100,76.2
"Karnataka","Chitradurga",44.6,6.3,61.1,14.5,2.5,7.8,18.4,8.4,8.3,97.3,73
"Karnataka","Dakshina Kannada",38.8,6,51.1,12.6,0.9,1,17.5,8.6,15.7,100,83.9
"Karnataka","Davangere",51.7,6.3,70.2,15.9,3.4,4.9,12.6,6.5,3.9,96,74.9
"Karnataka","Dharwad",52.1,5.6,67.2,17.3,0,3.3,15.1,6,4.6,100,78.2
"Karnataka","Gadag",50.5,4.9,70.3,18.9,2.3,2,12.1,6.8,4.5,93,73.3
"Karnataka","Hassan",42.2,6.6,63.6,11.1,1.9,6.4,15.7,7.6,5.2,100,74.4
"Karnataka","Haveri",50.8,4.8,66.9,19.9,1.7,4.2,11.1,4.7,3.9,98.6,72.6
"Karnataka","Kalaburagi",56,5.9,75.1,20.8,0.8,4.9,10.3,3.4,12.2,95,65
"Karnataka","Kodagu",39.9,6.2,54.4,12,2.5,3.2,16.1,10.6,9.3,93.7,83.6
"Karnataka","Kolar",43.6,4.4,57.9,17.8,1.5,9,13.2,9,5.8,100,71.6
"Karnataka","Koppal",54.8,4.9,70.7,24.9,0,8.5,11.6,5.6,3.8,97.3,63.9
"Karnataka","Mandya",47,5.2,58.2,13.7,2.3,5.9,17,7.6,5.3,100,67.7
"Karnataka","Mysuru",48,5.2,57.2,14.7,1.6,7,13.8,7.3,7.2,100,72.4
"Karnataka","Raichur",60.4,4.7,73.6,23.3,2.9,8.9,11.2,4.4,11.7,92,55.3
"Karnataka","Ramanagara",45.5,6.5,60.2,13.2,2.5,5.7,16.1,7.3,7.7,100,68.8
"Karnataka","Shivamogga",41.9,6.3,68.9,15,3.3,2.4,15.4,7.1,13.5,100,78.8
"Karnataka","Tumakuru",49.3,5.6,67.6,15.2,1.6,4.7,16.3,6.5,3.1,100,72.3
"Karnataka","Udupi",47.3,6,58.3,23.8,1.9,0.7,16.2,8.2,6,100,82
"Karnataka","Uttara Kannada",44.6,4.9,69,18.4,3,1.3,14.8,7.1,13.1,98.2,81.1
"Karnataka","Vijayapura",52.9,4.9,65.2,18.1,1.6,11.8,11.2,5.1,4.3,95.5,66.1
"Karnataka","Yadgir",57.3,3.6,76,26,0.6,6.9,10.6,4.5,7.2,97.2,51.9
"Kerala","Alappuzha",31.9,9.4,30.3,14.3,2.8,2.9,15.2,6.3,2.1,96.9,97.8
"Kerala","Ernakulam",31.7,9.3,36.4,8,2.4,0,15.7,5,7.4,97.9,97.2
"Kerala","Idukki",32,8.2,32,9,5.3,2.7,17.6,10.1,6.8,100,93
"Kerala","Kannur",39.7,10.5,37.2,8.7,3.3,2.4,17.2,7.6,6.9,98,96.7
"Kerala","Kasaragod",35.4,8.1,34.3,9.4,0.3,3.7,13.5,5.3,5.7,98.6,90.8
"Kerala","Kollam",36,8.1,32.5,9.5,5.4,0,16.3,6.6,6.9,96.3,96.6
"Kerala","Kottayam",38.7,7.6,36.8,12.3,1.2,2.8,15.4,8.6,2.3,0,97.9
"Kerala","Kozhikode",29.8,7.7,32.1,8.4,1.2,3.8,16,6,3.4,98.1,97.7
"Kerala","Malappuram",34.7,6.9,47.2,10.3,0.6,2.6,14.3,4.9,6.5,100,94.9
"Kerala","Palakkad",49.6,9,51.9,12.9,1.9,4.4,17.9,7.8,9,90.2,89.6
"Kerala","Pathanamthitta",36.4,8.5,44.2,12.3,3.5,0,17.7,11.7,3.9,0,97.7
"Kerala","Thiruvananthapuram",33,6.3,33,6.6,4.9,4.6,12.3,6,6.3,100,94.5
"Kerala","Thrissur",44.4,8.9,48.7,10.9,2.3,1,14.3,6.1,3.8,0,97.8
"Kerala","Wayanad",26.9,7.5,39.4,14,1.4,2.6,15.1,7.2,5.3,97.7,88.2
"Ladakh","Kargil",92,3.2,87.9,3.5,2.8,0,12,2.7,10.5,100,69.6
"Ladakh","Leh Ladakh",93.5,4.6,95.5,5.3,7.8,0,8.7,0.7,7.6,98.2,66.3
"Madhya Pradesh","Alirajpur",60.5,4.2,76.4,19.6,0.7,5.9,16.7,4.4,5.4,97.6,45.4
"Madhya Pradesh","Anuppur",52.6,6,49.2,26.5,0.7,4.8,14,8.5,5.3,92.3,65
"Madhya Pradesh","Ashoknagar",46.1,6.2,59.7,26.1,1.4,7.7,11.2,3.9,4.5,96.5,62.4
"Madhya Pradesh","Barwani",58.4,6,78.2,27.1,1.7,9,15.2,4.8,6,96.5,54.1
"Madhya Pradesh","Betul",56.2,7.2,57.8,24.7,0.3,2.4,11.5,3.9,4.5,94.9,71.2
"Madhya Pradesh","Bhind",69.9,7.1,75.6,24.3,0.2,5.5,10.6,3.5,4.9,92.2,66.9
"Madhya Pradesh","Burhanpur",57.3,3.5,77.9,20.9,3,1.8,8.7,3.1,13.1,97.1,69.8
"Madhya Pradesh","Chhatarpur",63.5,4.5,87.2,25.2,4.9,6.6,12.4,3.3,5.8,98.2,65.1
"Madhya Pradesh","Chhindwara",41.7,5.8,50.5,28.5,0.9,3.3,10.9,6.2,4.5,95.7,73.1
"Madhya Pradesh","Damoh",48.1,4.4,76.3,23.7,4.1,5.9,13.6,6.3,6,92.7,70.3
"Madhya Pradesh","Datia",58.6,6.8,72.8,23,0.4,6,10.6,3.4,6.8,98.5,67.4
"Madhya Pradesh","Dewas",51.3,4,79.4,22.5,4.7,2.2,14.3,7.6,7.6,96.7,68.6
"Madhya Pradesh","Dindori",65.2,4.5,78.1,29.3,4.8,8.7,16.2,7.9,4.6,96.4,64.8
"Madhya Pradesh","Guna",49.8,5,75.1,18.4,1.1,5.5,11.8,3.8,4.3,95.4,61.4
"Madhya Pradesh","Gwalior",62.5,4.9,78.4,20.4,0.6,3.3,12.6,4.9,2.4,91.8,72.2
"Madhya Pradesh","Harda",62.6,3.8,85.6,15.9,9.2,3.9,13.8,5.2,18.8,100,74.1
"Madhya Pradesh","Jhabua",58.8,5.7,80.1,29.2,1.3,6.7,16.9,5.5,5.6,98.7,45.9
"Madhya Pradesh","Katni",58.7,5.1,78.7,18.1,4.3,1.7,13.1,4.1,10.6,95.8,71.4
"Madhya Pradesh","Khargone (West Nimar)",50.1,4.6,71.5,16.7,0.9,6.8,13.6,5.9,11.9,95.1,62.1
"Madhya Pradesh","Mandla",60.6,6.2,70.2,26.8,3.5,2.6,18.2,4.4,3.9,96.7,68.3
"Madhya Pradesh","Morena",67.5,8,74.7,22.3,1.4,6.7,9.6,4.5,2.7,91,67
"Madhya Pradesh","Narmadapuram",51.9,2.4,78.8,21.9,7.3,5.2,14,7,8.2,94.9,74
"Madhya Pradesh","Narsimhapur",46.9,4.9,73.4,25.1,2.4,6.5,12.6,6.9,5.1,87.2,73.8
"Madhya Pradesh","Neemuch",50.3,5.3,77.2,18.8,0.9,4.1,17.4,7,5.4,100,64.1
"Madhya Pradesh","Panna",59,4.7,74.5,26.8,2.1,8,10.4,4.3,7.9,88.4,63.7
"Madhya Pradesh","Rajgarh",52.3,3.6,77.5,28,2.5,5.4,14.7,6.7,9,90.3,58.9
"Madhya Pradesh","Ratlam",59.5,3.6,74,23.4,3.3,7.6,13.4,6.3,4.2,97.3,66.2
"Madhya Pradesh","Rewa",61.7,6.4,78,16.5,2.8,4.8,12.7,3.7,8.3,96.1,65.2
"Madhya Pradesh","Sagar",49.8,3.1,83.3,22.8,7.3,6.4,16.1,6.6,4.7,98.5,76.4
"Madhya Pradesh","Sehore",45.3,3.3,82.4,27.1,2.8,4.2,14.1,8,9.6,93.3,68.5
"Madhya Pradesh","Seoni",59.9,5.8,71.8,26.6,1.6,4.7,11.7,6.1,5,98.2,71.3
"Madhya Pradesh","Shahdol",56.4,5.5,57.3,28.3,1.1,5.8,11.9,6.4,5.5,98.7,67.2
"Madhya Pradesh","Shajapur",45.8,3.4,76.1,23.1,1.8,5.9,14.7,6.8,9.7,98.6,62.6
"Madhya Pradesh","Sheopur",64.9,4.8,71.6,30.5,0.2,5.2,13.9,4.1,7.9,93.6,53.1
"Madhya Pradesh","Shivpuri",51.1,5.9,70.5,26.7,0.6,6.7,8.9,3.5,5.7,94.5,61.4
"Madhya Pradesh","Sidhi",55.7,4.4,72.5,22.9,2.8,3.6,12.7,3.5,6.4,97.6,66.7
"Madhya Pradesh","Umaria",51.5,4.6,71.5,21.1,3.2,4.7,14.2,5.8,4,98.6,68
"Maharashtra","Ahmednagar",50.3,5,64.5,21.5,2.7,10.8,13.4,5.1,8.6,96.6,77.4
"Maharashtra","Akola",52.6,5.1,77.5,16.1,6.5,5.7,11.7,4.2,14.7,97.8,86.3
"Maharashtra","Amravati",53.4,5.1,74.4,20.5,5.2,3.6,10.9,4.8,10.7,100,86.2
"Maharashtra","Beed",50.8,5.2,61,20.8,3,15.2,15,8,11.9,96.5,64.6
"Maharashtra","Bhandara",65.3,5.6,72.8,25.8,2.7,3,12.2,4.7,13.2,97.5,80.3
"Maharashtra","Buldhana",57.8,6.4,79.4,21.6,6.3,5.7,12.6,4.7,14.8,100,78.1
"Maharashtra","Chandrapur",55.5,5.2,76.6,26.5,7.3,3.1,12.4,4.8,21.8,100,78.9
"Maharashtra","Chhatrapati Sambhajinagar",52.4,6.5,64.5,20.3,4.1,12.4,11.5,5.2,11.8,94.2,78.4
"Maharashtra","Dharashiv",49.1,4.9,67.4,19.1,4.1,16.1,14.1,6.3,5.5,100,71.3
"Maharashtra","Dhule",61.2,5.5,72.2,26.5,2.1,15,10.4,5.8,18.1,87.1,73.5
"Maharashtra","Gadchiroli",66.2,4.3,76.6,24.3,3.2,5.1,10.4,3.1,13.5,100,67.1
"Maharashtra","Gondia",60.4,3.7,78,23.4,2.6,0,11.6,5.5,11.1,95.8,80.4
"Maharashtra","Hingoli",51.3,5.3,72.5,24.9,3.2,14.4,10.7,3.5,10.5,98.3,69.4
"Maharashtra","Jalgaon",65.2,5.7,85.2,22.2,4.1,10.7,10.9,5.4,8,96.2,77.5
"Maharashtra","Jalna",58.2,5.5,68.3,23.3,7,10.1,12.5,4.2,8.2,92.6,67.6
"Maharashtra","Kolhapur",50.1,5.8,66.4,19.2,3.2,8.8,17,6.6,5.9,88.6,80.2
"Maharashtra","Latur",50.7,5.5,59.5,24.2,3.3,14.2,11.1,4.9,8,96.2,70.6
"Maharashtra","Mumbai",45.9,9.2,72.8,12,1.7,1,14.1,2.1,9.1,0,92.5
"Maharashtra","Nagpur",53.6,6,70.5,17.1,3.9,0.9,13.2,3.6,20,100,86.5
"Maharashtra","Nanded",57.3,4.9,76.1,22.9,1,8.7,8.9,4.6,8.7,93.8,68.1
"Maharashtra","Nandurbar",64.2,5.5,79.3,36.1,4.7,10.6,13.8,6.4,13.5,95.9,63.5
"Maharashtra","Nashik",56.2,4.4,67.3,25.6,4.7,14,13.3,5.4,11.4,88.6,78.2
"Maharashtra","Palghar",56.9,4.9,70.3,27.9,4.7,4.7,16,3.6,10.5,100,77.5
"Maharashtra","Parbhani",58.8,6,75.4,20.4,1.4,13.7,11.2,4.7,7.6,89.6,67.1
"Maharashtra","Pune",51.9,4.2,58.7,19.6,3.3,3.3,14.3,3.7,14,81.7,84.8
"Maharashtra","Raigad",54.2,5.1,67,21.8,2.6,7.5,14.8,6.1,8.3,97.8,73.7
"Maharashtra","Ratnagiri",43.4,8.1,69.4,25.8,2.4,1.2,18.2,8.1,12.6,89.9,80.3
"Maharashtra","Sangli",47.5,8.3,62.7,15,0.3,10.4,18.2,6.7,7.8,96.3,80.4
"Maharashtra","Satara",49.6,5.1,68.9,22.9,5.9,7.7,16.4,6.2,5.2,96.2,78.5
"Maharashtra","Sindhudurg",41.2,9.6,55.6,21.5,1.4,1.1,21.4,6.9,14.9,100,83.1
"Maharashtra","Solapur",54.5,4.8,70.9,21.2,2.4,18.6,16.2,6.5,10,93.5,72
"Maharashtra","Thane",58.8,6.5,67.9,18.9,0.4,4,13.9,6.1,7,90.1,86.1
"Maharashtra","Wardha",60,4.5,71.4,17.1,2.5,2.2,9.8,2.7,12.5,100,85.1
"Maharashtra","Washim",56.4,4,70.4,20.1,5.1,14.3,14.4,4.7,15.2,96.4,76
"Maharashtra","Yavatmal",58.4,5.8,75.2,23.2,0,4.4,10.5,3.5,15.1,98,77.6
"Manipur","Bishnupur",35.8,5.9,42.4,7.7,2.1,5.1,13.9,5.3,2.1,96.1,81.5
"Manipur","Chandel",27.3,5.7,42.4,3.7,1.2,9.9,12.7,7.4,3.2,96.5,76.9
"Manipur","Churachandpur",32,7,41.1,7.1,1.3,7.5,9.7,4.6,5.8,88.9,84
"Manipur","Imphal East",35.9,7.3,50.3,8.7,1.9,9.5,11.9,4.9,2.4,100,87.2
"Manipur","Imphal West",26.8,7.7,41.8,6.3,2.4,10.9,16.4,6.1,3.1,94.7,89
"Manipur","Senapati",27.4,4.6,48.5,5.3,2.3,6.3,10.8,7.1,5.5,87.2,79.6
"Manipur","Tamenglong",27.3,6.3,37,4.6,1.4,10.2,15.7,4.9,3.2,91.2,78.4
"Manipur","Thoubal",24.2,4.2,39.7,7.3,1.1,7.5,13.8,6.5,2.9,98.7,79.9
"Manipur","Ukhrul",21.9,3.5,34.6,9.7,1.9,9.8,13.3,7.6,5.3,91.5,83.7
"Meghalaya","East Garo Hills",50.9,6.3,28,8.5,1.6,2.2,8.5,2.9,6.2,81.5,90.9
"Meghalaya","East Jaintia Hills",43.9,3.2,47.2,13.5,4.8,14.4,9.1,5.9,2.9,92.6,76
"Meghalaya","East Khasi Hills",48.2,2.7,39,11.6,5.1,8.2,11.2,5.6,4.9,84.2,88.7
"Meghalaya","North Garo Hills",58.4,7.8,30.2,7.7,0.9,3.7,10.5,4.6,5.6,65.9,91.3
"Meghalaya","Ri Bhoi",62.4,4.6,45.7,15.5,3.6,6.8,7.4,2,7.5,94,85.3
"Meghalaya","South Garo Hills",56.2,10,33.6,6.6,3.1,1.1,10.1,1.1,8.8,100,89.2
"Meghalaya","South West Garo Hills",62.5,8.9,35.5,8.5,7.5,6.3,8,2.1,7.1,98.6,81.7
"Meghalaya","South West Khasi Hills",58.9,3.2,61.3,17.2,6,13.2,10.9,4.4,4.1,95.8,84.6
"Meghalaya","West Garo Hills",55.3,7.6,30.2,7.7,3.5,1,11.5,2.7,4.7,100,88.7
"Meghalaya","West Jaintia Hills",55.9,3.8,54.6,9.6,4.8,11.9,9,3.3,4,90.9,73.8
"Meghalaya","West Khasi Hills",51.8,2.3,56.2,14.6,6.5,12.9,9.1,4.8,2.7,86.7,85.1
"Mizoram","Aizawl",31.7,6.8,44,3.8,0.8,2,14.1,2.7,2.4,81.6,97.8
"Mizoram","Champhai",25.7,6.9,38.3,5.8,0,4.6,9.1,4.5,7.6,97.6,93.3
"Mizoram","Kolasib",37.7,9,53.8,5.9,0.9,2.2,10.3,4,5.3,88.1,93.9
"Mizoram","Lawngtlai",48.5,6.6,55.3,7.1,0.5,9.2,8.2,3.2,11.4,75.6,79.9
"Mizoram","Lunglei",34.9,7.4,45.7,6.2,0.8,3.8,7.7,3.6,3.3,79.3,89.8
"Mizoram","Mamit",34.9,5.7,45.5,4.1,0,10.3,10.1,2.4,3.8,98.5,90.7
"Mizoram","Serchhip",32.1,7,43.2,5.9,0.3,3,7.7,2.5,4.4,89.8,96.8
"Mizoram","Siaha",44.2,4.7,46.4,9.3,0.6,4.7,8.4,3.1,3.4,69.9,92.2
"Nagaland","Dimapur",34.7,6.8,48.9,9.6,0.6,3.3,11,5.2,12,85.1,89.8
"Nagaland","Kiphire",31.4,5.7,55.2,13.9,1.6,9,10.2,4.1,5.8,82.1,77.4
"Nagaland","Kohima",14.9,3.6,38.4,11.7,0.9,1.3,15.2,9.8,11.4,100,90.4
"Nagaland","Longleng",34.6,6,40.4,14.4,1.2,6.5,14.1,7.2,9.6,88.3,81.2
"Nagaland","Mokokchung",25,4.6,35.5,11.3,0.9,0.7,14.7,7.9,3.5,96.8,88
"Nagaland","Mon",30.2,5.2,39.4,8.7,1.6,2.8,13.1,7.1,0.5,87.1,79.4
"Nagaland","Peren",29.7,4.1,51,6.6,0.5,4.4,13.2,5.1,1.7,86.8,81.1
"Nagaland","Phek",30,5.1,44.9,14.8,1.1,4.3,14.8,10.3,6.3,87.6,80.5
"Nagaland","Tuensang",28.8,4.3,38.8,15.9,1.8,6.7,12.3,7.8,10.3,75.6,80.5
"Nagaland","Wokha",30.9,6.2,45.4,8.8,1.6,5.2,16,7.6,10.6,73.3,85.8
"Nagaland","Zunheboto",31.1,5.7,34.9,5.6,0,3.5,22.5,10.5,10.3,82.2,87.4
"Odisha","Balangir",59.4,5.6,74.9,21.5,0.7,3.7,14.7,2.7,12.7,97.8,69.3
"Odisha","Bhadrak",64,6.5,68.7,24.7,7.9,7.2,12.5,5.1,7.5,95.4,81.2
"Odisha","Boudh",54.1,5.1,56.2,22.1,2.3,13.7,13.4,5.1,6.9,95.1,68.6
"Odisha","Dhenkanal",65.9,7,62,18.9,6.1,9.3,13,7.4,5.4,97.8,76.2
"Odisha","Gajapati",66.1,5.6,64.4,23.5,0.3,5.8,12.6,4.1,4.3,96.5,55.5
"Odisha","Ganjam",56.7,6.6,61.3,11.2,0.4,11.4,12.4,7.1,1.5,96,68.6
"Odisha","Jajapur",63.4,6.6,66.4,24.4,9.1,7.7,13.6,6.1,6.4,98.2,78.7
"Odisha","Kalahandi",64.2,5.2,68.8,23.8,2.7,1.9,16.5,7.8,6,100,62.5
"Odisha","Kandhamal",48.9,4.7,55.3,21,1.4,4.2,16.8,5.7,12.4,100,64.2
"Odisha","Kendujhar",69.2,5.8,64.6,25.9,2.4,12.2,14.4,5.4,6.2,94.1,68.2
"Odisha","Koraput",58.2,5,69.7,27.2,0.4,8.4,13.5,6.7,6.8,100,50.6
"Odisha","Malkangiri",71.9,7.4,78.7,38.6,1.1,11.7,10.5,4.9,5.5,100,48.9
"Odisha","Mayurbhanj",72.2,4.3,71.7,30.2,3.2,17.2,14.3,8.9,10.4,93.2,63
"Odisha","Nabarangpur",69.3,3.9,70.8,30.9,0.5,8.3,15.7,4,9.7,100,52.9
"Odisha","Nuapada",64,5.5,73.5,30.7,0.8,3.9,13.9,6,3.7,100,60.9
"Odisha","Rayagada",69.1,6.6,70.5,26.7,1.1,9.2,9.5,7.2,3.6,93.9,50.8
"Punjab","Amritsar",52.1,5.4,73.6,9.6,1.6,4.4,23.7,9.4,6.3,96.1,78
"Punjab","Barnala",55.2,4.8,60.6,13,6,2.6,19.1,9.5,2.4,92.4,72.4
"Punjab","Faridkot",63.2,5.3,76.1,16.3,3.7,4.7,13.2,7.6,2.8,95.7,71.7
"Punjab","Fazilka",66.9,6,70,19.4,1.8,2.6,16.8,6.2,3.7,93.9,70.8
"Punjab","Ferozepur",61.5,5.7,73.4,12.6,4.4,1.9,18.7,8,2.2,97.8,72.5
"Punjab","Gurdaspur",55.2,5.2,70.1,11.1,1.3,8.2,22,11.2,4.5,91.8,79
"Punjab","Mansa",60.4,5.3,78.2,16.1,5.8,2.7,17.1,9.6,3.4,97.7,63.6
"Punjab","Pathankot",55,4.7,68.3,11,0.4,2.7,20.4,10,2.9,92.2,82.8
"Rajasthan","Ajmer",52.7,3.8,76.3,14.2,2.9,5.5,6.8,3.3,11.7,96.8,67.3
"Rajasthan","Alwar",53.2,3,63.2,24.3,4,8,13.1,5.3,7.1,92.6,64
"Rajasthan","Banswara",52.8,5.7,82.1,23.3,0.5,5.2,12.7,3.1,7.5,98.9,55.9
"Rajasthan","Baran",60.1,4.5,65.1,20.5,8.1,3,7.6,2.9,9,100,61.7
"Rajasthan","Barmer",49.4,4.3,67.1,19.7,1.3,2,6.6,1.1,6.2,97.5,67
"Rajasthan","Bharatpur",60.8,3,75.7,23.5,3.8,5.1,11.4,4.9,4.3,86,62.4
"Rajasthan","Bhilwara",50.4,3.9,62.7,16.3,2,5.4,10.7,3.5,8.5,94.6,57.1
"Rajasthan","Bikaner",58.9,3.9,82.4,17.8,2.2,6.5,6.2,2.2,12.6,94.8,64.6
"Rajasthan","Bundi",55.9,3.4,74.9,29.6,9.5,2.3,10.5,4.6,6.2,97.7,57.9
"Rajasthan","Chittorgarh",45.1,5.6,72.4,20.2,1.3,3.5,11.9,4.3,4.9,100,55.3
"Rajasthan","Churu",52.9,2.9,78.1,20.3,5.2,4.2,13.1,5.4,5.2,93,62.9
"Rajasthan","Dausa",60.3,4.4,74.4,22.7,4.4,3,7.8,3,9.7,98.5,59.4
"Rajasthan","Dholpur",68.5,3,81.7,21.5,6,7.2,8.6,3.7,6.3,98.3,63.2
"Rajasthan","Dungarpur",72.6,5.7,79.8,26.8,0,4.4,9.9,1.9,4.4,96.9,64.6
"Rajasthan","Ganganagar",59,3.8,72.3,14.3,4.2,2.4,10.3,2.2,10.8,95.6,68.6
"Rajasthan","Hanumangarh",60.3,3.9,81,19.3,1.6,2.8,11.5,4,9,92.2,65.1
"Rajasthan","Jaipur",54.1,4.2,71.3,16.6,0.6,1.8,9.1,3.1,4.2,98.6,68.1
"Rajasthan","Jaisalmer",44.4,2.7,58.6,16.3,3.1,1,6.7,1.7,13.8,89.8,61.7
"Rajasthan","Jalore",59.9,4.3,66.3,19.7,1.7,2.9,7.9,1.6,4.8,97.4,59.5
"Rajasthan","Jhalawar",51.5,4.6,73.1,19.8,5.1,5.6,9.4,3.8,14,98.8,55.6
"Rajasthan","Jhunjhunu",55.4,2.9,77.2,20,3.1,0.8,12.5,5,9.1,98.5,66.8
"Rajasthan","Jodhpur",43.4,3.1,64.4,16.9,2.4,5.1,8.7,2.6,6,94.1,64.8
"Rajasthan","Karauli",61.5,3.7,75.9,23,2.4,7,7.5,1.7,10.6,98.2,56.5
"Rajasthan","Kota",51.8,3.1,66.7,15.5,7.4,0.5,10,2.8,7.9,98.4,74.7
"Rajasthan","Nagaur",45.3,3.4,65.1,18.9,1.3,0.9,10.6,2.9,8.8,95.3,62.9
"Rajasthan","Pali",58.8,5.4,72.6,16.3,1.3,2.2,8.5,1.9,9.4,100,67.1
"Rajasthan","Pratapgarh",53.1,3.5,65.8,24.1,0.8,3.2,11.8,3.4,11.5,96.5,57
"Rajasthan","Rajsamand",58.4,3.9,84.3,18.1,3.2,3.2,8.6,2.6,10.2,85.3,64.2
"Rajasthan","Sawai Madhopur",57.5,3,73.3,25.8,7,2.9,9.6,3.7,11.1,90.1,57.4
"Rajasthan","Sikar",44,2.9,61.5,21.4,3.2,3,12.1,4.3,6.3,95.7,67.9
"Rajasthan","Sirohi",64,3,75.8,17.7,2.9,4.4,10.8,2.1,8.8,91.2,59.4
"Rajasthan","Tonk",52.8,3,64.6,23.8,5.7,3.1,9.9,4.8,10.3,94.4,54.8
"Rajasthan","Udaipur",60.5,5.4,76.9,17.5,1.8,4.5,10,3.2,3.1,95.3,63.8
"Sikkim","Gangtok",43.3,7.4,49.8,7.7,0.5,1.7,15.4,11,5.6,0,86.4
"Sikkim","Gyalshing",42.7,3.5,67.1,3,2.1,2.5,23,8.9,12.2,96.9,81.8
"Sikkim","Mangan",36.7,6.5,53.5,3.4,0.7,3.8,22.3,13.1,2.9,100,78.5
"Sikkim","Namchi",39.8,6.6,56.5,4.6,0,8.7,19.6,15.8,4,89.5,80.2
"Tamil Nadu","Dindigul",42.6,8.2,50.2,12.9,0.4,8.6,16.6,5.7,8.2,97.6,77.8
"Tamil Nadu","Theni",41.2,8.8,46.8,10.3,0.2,13.5,20,6.1,6.6,98.5,80.9
"Telangana","Adilabad",61.1,4.7,76.3,26.9,1.7,7.8,13,6.5,12.9,91.6,58.6
"Telangana","Bhadradri Kothagudem",68.7,9.1,69.3,14.9,1,13,16.8,6.6,9,98,62.7
"Telangana","Hanumakonda",57.9,7.7,67,16.8,4.3,4.3,10.8,5.6,12.6,89.2,70.3
"Telangana","Hyderabad",52.7,5.4,63.6,12.4,0.8,2.2,14.2,5.3,8,82.1,80.3
"Telangana","Jagitial",56.3,7.5,59.9,22.5,0.4,3.1,11.9,5.8,8.4,95.7,55.9
"Telangana","Jangoan",57.5,6.5,69.5,18.2,2.7,6.5,13.4,6.2,10.1,94.7,56.6
"Telangana","Jayashankar Bhupalapally",65.9,5.3,67.9,17.7,1.9,13.2,15.8,7.9,14.6,96.9,52.4
"Telangana","Jogulamba Gadwal",64.6,3.4,82.4,27.5,3.7,15.9,13,5.3,4.9,95.2,47.8
"Telangana","Kamareddy",58.9,5.4,71.6,21.7,1.4,1.1,14.3,6.8,17.9,94.3,51.1
"Telangana","Karimnagar",61.1,6.2,70.8,20.6,2.1,7.6,11.8,5.8,4.8,95.8,63.6
"Telangana","Khammam",62.4,6.9,60.5,12.8,9.3,10.9,14.9,6.6,15,95,61.8
"Telangana","Kumuram Bheem Asifabad",67.3,3.9,70.7,25.7,2.2,4.6,13.3,5.5,14.4,98,52.9
"Telangana","Mahabubabad",62.8,7.7,81.1,18.6,1.5,6.6,11.6,6.1,5.2,89.7,55
"Telangana","Mahabubnagar",54.7,4.9,82.6,24,2.4,9.2,14,5.6,8.7,98.2,54.8
"Telangana","Mancherial",56.7,6.7,58.7,21.9,1.1,3.7,14.7,6.7,10,100,58.4
"Telangana","Medak",54.4,5.7,70,25.4,1.2,6.5,13.7,6.6,3.5,93.2,52.3
"Telangana","Medchal Malkajgiri",56.8,4.4,73.8,15.2,4.1,3.1,13,5.7,5,87.1,72.9
"Telangana","Mulugu",65.9,5.3,67.9,17.7,1.9,13.2,15.8,7.9,14.6,96.9,52.4
"Telangana","Nagarkurnool",54,4.5,75.1,19.1,2.9,5.3,12.9,6.5,7,91.9,51.1
"Telangana","Nalgonda",54.3,5.9,74.5,15.5,5.2,6,10.4,4.8,14.5,94.1,59.8
"Telangana","Nirmal",57.7,5.6,65.3,26.9,0,9.6,13.4,6.1,6.6,100,53.3
"Telangana","Nizamabad",57,5.1,65.3,21,1.1,3.8,13.6,6.7,4.3,95,54.3
"Telangana","Peddapalli",64.6,4.2,69.6,16.5,2,4.6,13.4,6.4,15.6,100,61.3
"Telangana","Rajanna Sircilla",56,6.5,65.7,18.6,2.1,3,15.9,7.3,8.9,96.4,56.4
"Telangana","Ranga Reddy",53.2,5.2,75.8,14.9,1.1,5.2,14.8,7.9,5.1,94.1,68.6
"Telangana","Sangareddy",48.3,4.4,67,20,0.8,4.4,14.9,6.3,5.9,95,60.2
"Telangana","Siddipet",56.7,4,63.5,17.9,3.1,1,11.5,6.6,4.7,93,60.8
"Telangana","Suryapet",57.5,8.1,76.6,16,4.3,6.2,12.7,6.2,8.8,88.2,57.4
"Telangana","Vikarabad",61,4.8,70,25.6,2.5,10,15,7.8,5.8,98.4,53.1
"Telangana","Wanaparthy",58.7,5.9,75.3,24.6,1.7,4.7,13.5,4.8,4.4,97.3,49.3
"Telangana","Warangal",59.3,6.6,71.5,22.6,4.6,12.9,15.4,6.2,8.9,93,51.8
"Telangana","Yadadri Bhuvanagiri",53.8,6.1,65.3,19.4,1.1,1.7,12.5,6.8,3,95.2,59.1
"The Dadra And Nagar Haveli And Daman And Diu","Dadra And Nagar Haveli",64.4,7.1,74.8,27,0.3,5.5,6.8,3.9,3.3,100,70.8
"The Dadra And Nagar Haveli And Daman And Diu","Daman",60.8,4.5,82.5,22.3,0.5,1.4,9.4,4.6,7.9,91.2,83.8
"The Dadra And Nagar Haveli And Daman And Diu","Diu",50.3,7.9,62.8,16.4,0.5,0,9.9,3.1,3.8,100,77.8
"Tripura","Dhalai",70,8.5,81.2,15.9,1.5,26.9,9,3.5,7.7,97.6,74.8
"Tripura","Gomati",62.3,7.9,70.7,14.1,1.6,24.4,10.5,3.6,11.2,91.8,80.1
"Tripura","Khowai",63.7,9.9,73.4,18.7,2,24.3,11.3,5.2,6.2,96.1,81.3
"Tripura","North Tripura",69.3,10.6,52.5,18.6,0.7,11.9,9.8,4.5,18.1,93.1,86.4
"Tripura","Sepahijala",69.4,8.7,72.1,13.9,0.4,26.6,9.9,4.3,6.7,97.6,78.9
"Tripura","South Tripura",66.5,8.3,59.6,16.8,3.2,23.1,11.4,4.9,5.2,89,80.4
"Tripura","Unakoti",67.9,8.6,62.8,26,1.6,21.2,10.9,5.2,4,85.1,81.6
"Tripura","West Tripura",67.3,8.4,54.5,13.7,0.5,20.2,12.7,6.6,2.1,100,85.3
"Uttar Pradesh","Agra",59.4,3.7,73,15.4,4.5,3.5,10.3,5.2,4.6,99.1,69.4
"Uttar Pradesh","Aligarh",56.5,7.4,62.6,18.6,3.2,4.5,11.8,4.3,4,93.3,68
"Uttar Pradesh","Ambedkar Nagar",52.7,7.2,54.9,26.7,1.6,0,9.1,5.6,3.9,90,71.6
"Uttar Pradesh","Amethi",46.1,5.9,52.4,21,3.7,1.9,12.7,5,5.1,96.8,66.1
"Uttar Pradesh","Amroha",47.6,2.8,69.6,16,0.4,4,13.4,4.2,12.5,95.3,63.7
"Uttar Pradesh","Auraiya",39.1,3,64.2,18.8,3.2,4.9,14.1,5.1,9.2,95.6,75.9
"Uttar Pradesh","Ayodhya",52.3,7.9,57.7,20,0.7,2,8.9,4,2,88.6,71.1
"Uttar Pradesh","Azamgarh",54.3,6.8,58.9,22.1,1.8,0.3,12,5.4,4.3,92.2,71.2
"Uttar Pradesh","Baghpat",53.3,5.8,60.2,14.9,0.6,2.7,13.3,6,3.9,92.8,71.6
"Uttar Pradesh","Bahraich",48.8,2.1,71.7,29.9,6.6,8.4,13.4,7.4,7.5,89.4,48.2
"Uttar Pradesh","Ballia",52.2,5,71.6,16.8,7.1,1.7,10.6,3.8,10.7,96.8,68.1
"Uttar Pradesh","Balrampur",53.7,3.3,75.4,22.2,5.4,4.1,13.7,7.1,14.3,86.4,53.1
"Uttar Pradesh","Banda",52.2,6.6,82.2,25.7,3.5,2.5,12.5,4.6,13,95,61.8
"Uttar Pradesh","Barabanki",55.3,3.2,65.5,26,4.8,3.4,11.1,6,7.8,94.9,65.1
"Uttar Pradesh","Bareilly",60.8,3.6,67.7,18.2,2.5,5.6,10.9,4.2,5.6,95.4,55.8
"Uttar Pradesh","Basti",39.9,4.3,58.4,20,7.7,1,11.2,6,15.2,93.1,64.4
"Uttar Pradesh","Bhadohi",43.8,4.3,59.2,15.8,1.6,1.7,9.3,4.1,2.4,87.8,67.3
"Uttar Pradesh","Bijnor",46,4.1,60.9,17,1.7,1.2,13.2,4.5,2,96.7,69.6
"Uttar Pradesh","Budaun",55.3,5,72.2,19.4,4.2,7,8.6,3.4,6.8,93.9,54.9
"Uttar Pradesh","Bulandshahr",52,6.7,64.1,15.8,1.8,5.5,13,6.4,2.6,92.9,67.7
"Uttar Pradesh","Chandauli",48.7,5.2,64.6,21.4,1.2,2.1,11.5,5.8,7.4,90.2,68.8
"Uttar Pradesh","Chitrakoot",46.6,1.6,55.3,24.1,1.9,3.5,8.4,3.1,12,84.8,63.8
"Uttar Pradesh","Deoria",33.8,4.2,54.9,16.8,1.6,2.1,10.3,5.8,10.8,92.6,69
"Uttar Pradesh","Etah",55.4,3.7,77.4,18.7,9.1,4.3,11.2,3.6,8.4,98.1,68
"Uttar Pradesh","Etawah",57.4,4.9,74,16,4.8,2.2,11.8,3.9,6.2,100,74.6
"Uttar Pradesh","Farrukhabad",56.9,3.3,77.1,18.3,4.1,4.1,9.1,3.4,6.1,95.3,67.1
"Uttar Pradesh","Fatehpur",63,2.5,78.1,24.7,1.9,3.3,10.5,4.3,9.1,90,63.4
"Uttar Pradesh","Firozabad",57.1,4.5,73.9,18.8,3.9,3.6,11.9,5,3.8,94.9,72.5
"Uttar Pradesh","Ghaziabad",55.2,7.8,61.8,11.1,0.8,0.6,10.3,6.4,3,90.2,78.9
"Uttar Pradesh","Ghazipur",45.7,4.9,71.6,19.4,5.3,1.9,9.1,3,13.9,95.8,69.7
"Uttar Pradesh","Gonda",49.3,3.6,62,24.6,11.2,4.2,12.2,6.1,3.8,90.5,61.7
"Uttar Pradesh","Gorakhpur",52.9,6.9,67.4,18,3.9,2.4,10.2,4.6,12,97.2,67.6
"Uttar Pradesh","Hamirpur",46.1,2.6,68.5,22.5,2.7,1.4,13.7,2.3,10.7,97.5,70.8
"Uttar Pradesh","Hapur",50.6,4.1,69.4,9.4,2,0.8,15.6,6.3,9.2,97.2,71.8
"Uttar Pradesh","Hardoi",59.7,4.1,76.1,22.9,3.4,2.8,11.9,4.4,9.9,88.7,64.6
"Uttar Pradesh","Hathras",58.2,3.6,72.1,15.9,7.6,5.7,13.6,6.3,4.7,95.1,67.9
"Uttar Pradesh","Jalaun",44.2,2.6,55.2,22.2,0.8,2.2,11.5,3.6,8.5,90.3,71.9
"Uttar Pradesh","Jaunpur",34,3.5,65.3,17.5,4.8,0.6,10.2,3.8,6.7,91.4,69.9
"Uttar Pradesh","Jhansi",41.3,2.8,70.3,18.7,3.4,3.5,11.7,2.4,10.4,94,71.1
"Uttar Pradesh","Kannauj",65.2,3.1,79.6,20.5,3.5,1.3,8.9,3.2,10.8,92.7,71.3
"Uttar Pradesh","Kanpur Dehat",54.9,4.2,69.2,17.1,1.5,1.9,7.2,3.7,6.7,85.5,73.9
"Uttar Pradesh","Kanpur Nagar",57,5.1,76.3,13.8,3.9,3.4,10.1,4.4,12.6,93.7,80.4
"Uttar Pradesh","Kasganj",64.6,3.6,80.8,17.7,6.1,7.6,9.3,4.8,9.9,94.9,62.2
"Uttar Pradesh","Kaushambi",54.4,6.7,65.5,24.1,1.8,2.9,5,3.4,4.3,92,63.2
"Uttar Pradesh","Kheri",53,4,66.3,30.9,1.3,3.6,12.8,5.7,3.9,88.3,66.3
"Uttar Pradesh","Kushi Nagar",42.3,4.9,52.8,19,5.9,2.6,9.3,4.6,9,91.9,63.7
"Uttar Pradesh","Lalitpur",38.1,2.6,56,22.4,0.8,9.4,10.7,4.7,7.5,94.7,66.8
"Uttar Pradesh","Mahoba",49.4,3.4,70.1,28,4,4,10.9,3.2,11.7,90.8,65.2
"Uttar Pradesh","Mahrajganj",47.1,6,60.5,17.9,4.2,3.6,11.3,5.2,9.1,96.8,62.4
"Uttar Pradesh","Mainpuri",57.8,4.4,70.4,15.3,4.9,4,9.7,3.3,6.7,94.5,74.6
"Uttar Pradesh","Mathura",63,3.9,77.2,18.1,6.4,6.4,13,6.2,3.2,98.3,68.4
"Uttar Pradesh","Mau",44.3,4.8,62.7,16.5,2.6,0.3,16.3,5.2,9.6,98.8,68.8
"Uttar Pradesh","Meerut",45.5,5.8,55.2,12.8,2,2.4,12.6,5.5,2.1,97.8,74
"Uttar Pradesh","Mirzapur",42.1,3.8,59.8,20.9,2.6,2.4,13.7,6.3,3.3,92.9,69
"Uttar Pradesh","Moradabad",44.9,5.2,67.6,13.4,2.2,1.5,13.6,6.4,9.8,97.2,67.6
"Uttar Pradesh","Muzaffarnagar",46,5.5,65.4,11.1,0.5,1,14.9,5,9.9,91.1,69.1
"Uttar Pradesh","Pilibhit",52,5,57.3,16.4,3.7,4.6,11.8,5.5,7.5,97,60.1
"Uttar Pradesh","Pratapgarh",48.9,6.9,58,19.6,1.6,0.7,10.2,4.9,2.5,89.1,67.2
"Uttar Pradesh","Prayagraj",46.4,6.3,50.5,17.3,0.7,2,7.9,3.1,4.3,85.4,70.6
"Uttar Pradesh","Rae Bareli",48.2,3.9,76.4,18.5,4,1.3,11.3,5.9,6.3,93.9,66.4
"Uttar Pradesh","Rampur",55.4,6.6,69.6,13.6,5.3,3.5,10.7,5.1,5.9,96.1,57.6
"Uttar Pradesh","Saharanpur",41.4,4.8,68.1,12.8,3.9,1.3,15.5,6.5,12.9,97.3,69.3
"Uttar Pradesh","Sambhal",51.3,3.5,69.8,16.1,2.1,4.3,14.2,4.8,5.6,95.7,56
"Uttar Pradesh","Sant Kabir Nagar",43.5,4.5,71.6,19.3,4.9,1.9,13,5.7,8.8,95.5,63.8
"Uttar Pradesh","Shahjahanpur",60.3,4.5,75.4,17.8,7.3,4.6,11.2,4.1,8.1,97.3,63.2
"Uttar Pradesh","Shamli",41.7,4.6,65.2,9.8,1.3,2.3,12.7,7,13.2,97.5,62.7
"Uttar Pradesh","Shrawasti",44.4,3.9,61.2,22.8,6.7,5.3,9.8,4.6,9.3,92.2,47
"Uttar Pradesh","Siddharth Nagar",51.2,4,75.8,25.8,4.3,3.7,11.8,5.3,14.5,97.1,57.7
"Uttar Pradesh","Sitapur",55.3,3.7,66.4,30.1,5.4,3.4,11.4,5.5,6.5,91.7,65
"Uttar Pradesh","Sonbhadra",44.5,5.1,63,20.9,2.9,6.9,12.9,5,17.4,93.6,62.1
"Uttar Pradesh","Sultanpur",50.2,5.6,62.3,20.8,1.3,1.1,13,5.8,2.5,94.5,68.9
"Uttar Pradesh","Unnao",48.9,4.4,76,22.6,2.3,2.2,13.5,5.7,5.1,88.8,69
"Uttar Pradesh","Varanasi",37.6,4.3,65.2,15.7,2.1,0,13.3,3.9,13.3,96.1,74.1
"Uttarakhand","Almora",33.4,5.3,57.7,15.6,4,1.7,13.6,8.2,6.1,96.3,72.3
"Uttarakhand","Champawat",32.5,3.3,43.1,14.6,0,1.9,12.9,5,5.8,98,75.9
"Uttarakhand","Haridwar",43.8,2.6,63.1,15.9,3.9,2.3,15,6.9,6.4,92.6,73.9
"Uttarakhand","Nainital",34.5,4.6,59.8,12.7,2.4,2,14.3,5.9,5.9,97.4,80.3
"Uttarakhand","Pithoragarh",25.5,3.5,36.2,11.5,0.5,3.7,14.8,6.7,6.9,100,79.7
"Uttarakhand","Rudra Prayag",40.6,5.7,52.4,8.8,0.9,1.8,12.7,4.4,2.4,97.1,73
"Uttarakhand","Tehri Garhwal",42.2,3.7,61.7,12.7,2.5,1.7,13,5.5,5.2,100,62.2
"Uttarakhand","Udam Singh Nagar",51,5.3,60.8,14.1,1.9,5.2,12.6,7.2,3.1,94.8,70.5
"Uttarakhand","Uttar Kashi",60.9,4.5,73.6,12.9,1.7,4.8,12.5,5,5.4,89.9,69
"West Bengal","Bankura",77,8.1,67.1,28,4.3,16,11.5,5.1,8.3,97.8,68.7
"West Bengal","Birbhum",77.7,8.7,76.5,20.5,4.7,25,10.7,4,5.6,95.2,73.6
"West Bengal","Coochbehar",74.8,8.3,66.4,18.1,2.5,27.3,12.8,6.1,5.2,98.5,75.7
"West Bengal","Dakshin Dinajpur",82,10.5,72.5,14.9,2.1,18.2,9.7,4.1,9.6,100,77.7
"West Bengal","Darjeeling",59.2,7,68.1,11.8,3.1,6.3,16.2,10.1,11.6,100,78.3
"West Bengal","Hooghly",75.1,8.8,67.9,14.1,0.8,13.2,12.2,5.4,5,100,81
"West Bengal","Howrah",65.3,9.5,67.7,10.3,5.6,9.4,13.6,6.8,10.5,96.2,82
"West Bengal","Jalpaiguri",71.4,7.9,67.4,15.8,2.1,11.8,12.6,6.3,7.3,98.3,73.7
"West Bengal","Kolkata",58.2,10.6,72.3,6.6,2.6,4.9,15.1,4.9,16.9,97.7,87.2
"West Bengal","Malda",73.6,8,71,15.7,2.3,18.9,11.4,5.5,6.3,100,71.3
"West Bengal","Murshidabad",77.6,8.9,72.1,19.9,2.4,20.6,10,5.3,3.7,97.7,74.7
"West Bengal","Nadia",73.4,11.1,63.6,8.3,3.3,15.1,11.3,5.3,7.5,100,77.6
"West Bengal","North 24 Parganas",65.3,9.7,57.9,6.5,2,11.5,11.1,5,5,97.7,82.4
"West Bengal","Paschim Bardhaman",65.8,8.5,74.7,18.4,2,15.4,9.6,4.3,8,95.9,74.8
"West Bengal","Paschim Medinipur",81.5,9.3,66,18.9,1.4,25,9.1,5,9.6,100,72.1
"West Bengal","Purba Bardhaman",77.9,8.1,71.5,16.3,5,21.9,11.5,5.7,5.4,100,71.2
"West Bengal","Purba Medinipur",70.4,8.8,67.5,16.5,3.8,22,9.6,4.7,3,100,83
"West Bengal","Purulia",76.7,10.1,77.9,33.7,4,12,9.6,3.9,7.9,96.6,63.6
"West Bengal","South 24 Parganas",61.6,7.2,70.4,9.9,1.6,13.1,13.5,5.6,11.8,100,80.9
"West Bengal","Uttar Dinajpur",72.4,8,77.2,16.5,4.3,12.7,10.4,3.9,7.2,97.5,68.1
