"State","District","Women.Age.Group.15.To.49.Years.Who.Are.Anaemic","Children.Age.Group.12.To.23.Months.Who.Have.Received.3.Doses.Of.Penta.Or.Diphtheria.Tetanus.Toxoids.And.Pertussis..Dtp..Vaccine","Children.Age.Group.12.To.23.Months.Who.Have.Received.3.Doses.Of.Rotavirus.Vaccine","Children.Age.Group.12.To.23.Months.Who.Have.Received.Bacillus.Calmette.Guerin..Bcg","Mothers.Who.Consumed.Iron.Folic.Acid.For.100.Days.Or.More.When.They.Were.Pregnant","Mothers.Who.Consumed.Iron.Folic.Acid.For.180.Days.Or.More.When.They.Were.Pregnant","Prevalence.Of.Symptoms.Of.Acute.Respiratory.Infection..Ari..In.The.2.Weeks.Preceding.The.Survey","Women.Age.15.Years.And.Above.Who.Consume.Alcohol","Women.Age.Group.15.To.24.Years.Who.Use.Hygienic.Methods.Of.Protection.During.Their.Menstrual.Period","Women.Age.Group.15.To.49.Years.Who.Are.Literate","Women.Mildly.Elevated.Blood.Pressure","Women.Moderately.Or.Severely.Elevated.Blood.Pressure"
"Andaman And Nicobar Islands","Nicobars",38.3,71.9,3.1,80.4,72.6,43.9,1.8,29.6,100,87.5,23.2,8.5
"Andaman And Nicobar Islands","North And Middle Andaman",62.1,0,0,0,83.7,24.1,7,5.1,100,84,18.4,4
"Andaman And Nicobar Islands","South Andamans",57.7,94.8,0,100,81,61.9,0,1.7,98.2,86.7,12.7,4.9
"Andhra Pradesh","Ananthapuramu",50.5,90.2,75,95.7,72,38.5,2.6,0.6,95,63.6,12.4,8.5
"Andhra Pradesh","Chittoor",51.8,88.4,75,97.2,71.7,43.7,3.1,0.4,94.7,69.3,10.7,5.4
"Andhra Pradesh","East Godavari",63,83.9,77.8,92.7,62.7,32.3,2.2,0.7,71,77.9,13,6.6
"Andhra Pradesh","Guntur",59.5,97.6,87.8,97.6,75.1,42.5,1,0.2,88,68.5,14.7,5.9
"Andhra Pradesh","Krishna",60.3,93.9,62.1,93.9,56.2,39.2,2.4,0.4,92.6,76.9,13.4,4.3
"Andhra Pradesh","Kurnool",58.6,86.3,69.1,95.9,69.8,43.3,4.2,0.4,78.9,57,18.3,5.1
"Andhra Pradesh","Prakasam",60.4,76,63.1,89.3,69,51.8,2.9,0.3,86.6,62.8,14.6,6.4
"Andhra Pradesh","Sri Potti Sriramulu Nellore",59.4,81.1,70.9,89.2,76.1,51.8,3.9,0.3,84,70.5,12.7,4.5
"Andhra Pradesh","Srikakulam",62.6,89.7,74.8,93.3,67.5,35.3,1.3,0.6,78,64.3,12.8,5.9
"Andhra Pradesh","Visakhapatnam",58,90.5,72.9,97.9,75,40.1,2,1.3,85.7,69.5,12.1,5.9
"Andhra Pradesh","Vizianagaram",64,90.3,77.3,100,59.6,32.4,1.4,0.8,72.5,58.3,12.9,6.6
"Andhra Pradesh","West Godavari",63,89,77.7,94.8,82.8,43.7,1,0.2,84.4,77,14.7,6.1
"Andhra Pradesh","Y.S.R.",56.1,88.9,87.5,92,71.2,39.7,2.3,0.2,92.5,63.8,13.6,5.7
"Arunachal Pradesh","Changlang",57.2,84.4,44.5,86.1,37.3,14.1,0.8,30,89.1,74,13.8,6.7
"Arunachal Pradesh","Longding",34.1,59.7,34.1,74.5,33.4,7.1,0.8,21.8,92,70.2,15.7,4.1
"Arunachal Pradesh","Lower Dibang Valley",34.6,77,41.7,89.2,25.8,3.3,1,20.3,96,80,16.7,8.1
"Arunachal Pradesh","Namsai",58.6,80.7,44,83.5,33.6,8.9,0.2,28.4,93,62.6,17.5,7.7
"Arunachal Pradesh","Papum Pare",38.4,76.3,11.5,88.1,24.8,13.3,1.9,16.1,95.4,77,13.6,3.5
"Arunachal Pradesh","Tirap",32,77.4,37.5,82.8,27.4,14.5,3.3,16.4,88.4,72.8,16.7,7.8
"Arunachal Pradesh","Upper Subansiri",36.7,75.6,33.6,89.8,23.6,8.4,1.3,42.8,92.7,62.3,17.7,5.9
"Arunachal Pradesh","West Siang",30.5,87.8,30,93.7,9.9,3,2.2,26.9,94.2,76.1,23.3,8.5
"Assam","Baksa",73.6,87.2,53.8,93.6,56.2,30.2,0.8,11.9,67,74.8,15,7.2
"Assam","Barpeta",64.8,73.6,40.8,94.3,49.4,21.8,1.5,0.7,61.5,74.8,9.6,3.9
"Assam","Biswanath",64.4,82.5,54,88.3,63.7,21.4,2,11.5,70.9,69.2,14.5,7
"Assam","Bongaigaon",70.6,80.4,40,94.1,46.7,22.3,1.6,1,69,75.8,7.9,4
"Assam","Cachar",57.4,82.5,39.9,88.3,35.6,12,2.1,2.5,57.8,77.2,9.7,3.7
"Assam","Charaideo",72.3,90.1,35.9,96.2,51.7,19.4,2.2,17.7,68.7,71.9,9.3,5.2
"Assam","Chirang",65.2,86.4,43.8,98.2,47.1,22.8,1.6,8.9,63.5,71.5,14,5.2
"Assam","Darrang",70.4,76.7,34.4,94.9,43.3,22.3,2.3,0.3,62.2,75.6,9.6,4.3
"Assam","Dhemaji",62.9,94.7,76.7,96.7,45.3,14.6,3,30.6,74.7,81.5,10.1,4.6
"Assam","Dhubri",63.2,82.7,47.4,90.5,47.6,14.6,1.7,0.3,48.8,69.5,11.3,5.5
"Assam","Dibrugarh",70.8,93,50,97.8,58.9,28,2.5,19,79.8,76.6,10.7,4.3
"Assam","Dima Hasao",60.5,71.9,46.1,91.3,40.8,17.6,2.7,23.9,79.1,87.7,11.2,3.5
"Assam","Goalpara",64.9,90.6,52,98.4,52.2,20.4,2.1,5,64.5,74.1,11.1,3.3
"Assam","Golaghat",77.2,84.9,47.2,92.6,63.7,26.2,4.1,10.4,70.6,75.1,10.7,6.9
"Assam","Hailakandi",61.4,78.9,50,95.4,29,8.3,4.9,3.1,56.1,82.2,12.2,5.8
"Assam","Hojai",56.3,60.8,41.4,82.1,50.5,16,2.4,2.2,64.6,83.2,11.6,6.9
"Assam","Jorhat",71.8,79.8,50.3,100,52.1,26.6,3,4,76.7,85.1,14.3,7.1
"Assam","Kamrup",71.5,86.1,38.1,90.5,42.5,24.3,1.5,3.2,62.1,79.6,12,3.9
"Assam","Kamrup Metro",74.6,77,50.9,90.6,51.7,16.9,1.3,3.9,86.3,86,8.2,2.6
"Assam","Karbi Anglong",59,75.3,42.9,88.7,35.3,9,2.2,20.5,77.6,78.8,10.9,6.5
"Assam","Karimganj",52,84,47.3,95.5,39.9,11.4,2.3,1.4,59.8,80.7,9,2.6
"Assam","Kokrajhar",59.5,76.2,37.8,95.3,61.1,26.4,3.8,12.3,72.3,73.7,11.3,5.3
"Assam","Lakhimpur",65.4,87.7,53.3,94.5,42.2,14.9,3.9,15.5,79.7,83.9,13,4.4
"Assam","Majuli",67.8,86.4,55.6,95.2,56.7,13.7,3,32.1,75.4,83.4,10.9,6.2
"Assam","Marigaon",64.2,87.9,60.3,91.3,53.4,18.4,5.9,1.9,69.1,78.7,12.7,4.9
"Assam","Nagaon",61,73.6,31.4,86.9,46.5,12.3,2.8,2.5,58.4,78.4,8.9,2.9
"Assam","Nalbari",66.4,85.2,44.1,89.9,38.6,16.7,2.2,2.4,74,83.9,12,5
"Assam","Sivasagar",67.6,90.5,30.4,95.7,53.7,23.8,0.4,13.5,75.7,86.6,11.5,5.9
"Assam","Sonitpur",63.6,76.8,62.4,90.4,56.4,16.9,2.4,4.4,63.4,76.9,14.5,8
"Assam","South Salmara Mancachar",57.1,81.9,47.1,97,47.4,18.3,3.9,0.2,60.6,63.5,11.3,3.1
"Assam","Tinsukia",72.8,92.7,39.3,97.2,43.8,19.2,2,15.7,74.6,70.5,9.6,4.7
"Assam","Udalguri",81.5,68,52.2,78.6,44.2,25.7,2.3,11.1,61.8,70,10,7
"Assam","West Karbi Anglong",57.9,70.3,50.5,92.7,39.9,10.6,2.9,23,77.3,73.9,11.3,4.2
"Bihar","Araria",67.9,77.4,0,90,17.6,7.6,6,0.2,36.4,43.7,5,2.9
"Bihar","Arwal",66.9,93.9,4.2,97.3,17.2,6.9,5,0.6,54.5,62.5,8.6,2.6
"Bihar","Aurangabad",60.5,95.9,6.1,99.4,20.3,9.4,2.5,1.1,68.4,67.6,10.4,4.2
"Bihar","Banka",65.9,92.9,2.2,98.1,24.5,14.7,2.3,0.5,62.8,55.7,10.6,4.8
"Bihar","Begusarai",62.9,82.3,2.5,96.6,21.4,11.8,3.1,0.4,70.7,62.3,7.1,2.4
"Bihar","Bhagalpur",73,91.1,15.6,96,28,16.8,1.1,0.2,75.6,65.6,7,3.2
"Bihar","Bhojpur",73.6,80.6,3.6,98.4,15.5,6.2,1.4,0.5,60.8,64.1,8.3,2.7
"Bihar","Buxar",66.2,90.5,6.3,97.3,21.1,9.8,3.7,0.1,56.6,68.1,9.2,2.8
"Bihar","Darbhanga",60.8,78.3,0,95.2,22,12.2,3.8,0.3,57.5,49.4,9,3.7
"Bihar","Gaya",64.3,92.6,7.3,97.1,18.9,7.1,4.1,0.9,72.8,59.4,11.5,3.9
"Bihar","Gopalganj",53.8,91.1,1.7,98.4,23.6,8.6,5.9,0.1,63.8,63.3,11.7,5.1
"Bihar","Jamui",75.2,77.4,0,97.5,27.8,11.7,1.9,0.5,63.1,48.7,7.3,4.1
"Bihar","Jehanabad",68.1,88.4,5.8,100,24.2,16.1,3.4,1.1,53.2,63.2,8.9,2.6
"Bihar","Kaimur (Bhabua)",70.3,91.4,14,98.2,11.2,3.6,4.2,0.5,58.9,66,7.9,3.3
"Bihar","Katihar",68.4,84.1,3.1,93.2,16.2,8.4,2.1,0.6,49.5,49.7,6,4
"Bihar","Khagaria",59.5,83.7,2.6,97.1,15.8,3.5,1.6,0.1,50.5,51.8,7.5,2.3
"Bihar","Kishanganj",65.1,80.3,1.7,93.2,17.5,10.9,1.8,0.6,39.8,48,8.5,3.6
"Bihar","Lakhisarai",72.6,82.4,0,92.9,21.1,8,1.3,0.8,64.9,57.9,6.6,3.4
"Bihar","Madhepura",65.7,83.2,0,97.6,14.9,8.2,1.6,0.5,49.6,47.6,5.3,1.9
"Bihar","Madhubani",61.4,85.7,0,95.7,16.2,9.1,4.4,0.1,57.4,53.2,9.5,4.2
"Bihar","Munger",71.4,85.9,1.2,95,33,15.3,2.6,0.1,80.2,69.5,9.8,3.5
"Bihar","Muzaffarpur",58.9,88.5,1.1,99.1,13.7,8.1,4.3,0.5,67.8,63,9.8,5
"Bihar","Nalanda",71,86.6,0,95.7,16.4,5.3,5.3,0.3,64.4,56.1,8.2,3.3
"Bihar","Nawada",70.4,87.9,0.8,94.6,17.5,9.5,2.8,0.9,65.7,62.1,8.8,3.8
"Bihar","Pashchim Champaran",50.6,74.3,1,88.8,9.9,6.5,6.6,0.9,42.9,52.5,11.3,5.1
"Bihar","Patna",67.1,83.9,11,98.4,20.7,15.7,0.7,0.4,74.3,67.6,8.1,2.5
"Bihar","Purbi Champaran",57.3,79.2,0.9,90.8,18.4,9.8,4.7,0.5,41.5,50.2,9.1,4
"Bihar","Purnia",66,80,3.7,88.1,12.7,6.5,2.7,0.9,51.5,47.5,8.2,2.7
"Bihar","Rohtas",64.9,95.8,7.7,97.6,17.4,7.7,3.1,0.4,72.3,76.5,10.5,3.9
"Bihar","Saharsa",65.3,85.1,0.8,97.1,12.1,4.4,2,0.2,43.5,43.1,6.2,2.8
"Bihar","Samastipur",60.5,89.5,0,99,20.8,8.9,4.5,0.1,58.7,54.3,7.1,4.2
"Bihar","Saran",62.8,89.1,16.2,95.2,14.8,8.5,1.6,0.6,59,65.6,8.4,3.3
"Bihar","Sheikhpura",69.5,90,1.2,99.2,24.1,6.7,6.8,0.2,68.1,55,9.2,4.2
"Bihar","Sheohar",61.6,75,3.8,92.8,11.3,5,5.2,0.3,57.3,52.5,10.1,3.7
"Bihar","Sitamarhi",61.7,78.3,0.9,92.7,14.3,9.6,3.4,0.1,47.6,51.7,9.9,4.3
"Bihar","Siwan",53.1,92.6,0,97.4,21.1,12.8,7.4,0.4,55.8,70.9,12.4,5.2
"Bihar","Supaul",60.7,88,0,99.2,13.2,8,5,0.1,55.4,42.1,6.3,2.5
"Bihar","Vaishali",63.1,85,5.3,97.4,14.8,6.8,3.9,0.4,68.2,62.4,6,3.5
"Chhattisgarh","Balodabazar-Bhatapara",61.2,87.6,27.4,97,21.6,12.6,3,1.8,59.8,73.4,14.2,6.2
"Chhattisgarh","Balrampur Ramanujganj",63.4,86.4,61,92.4,55,34.2,0.5,16.2,60.7,65.4,15.5,9.2
"Chhattisgarh","Bastar",77.2,85,24.2,93.9,31.1,18.2,5.3,18.5,53.1,52.9,13.1,7.2
"Chhattisgarh","Bemetara",47,93.4,64.1,100,54.6,34.8,0,0.7,63.9,71.1,17.1,7
"Chhattisgarh","Bijapur",72.1,83.2,63.9,92.7,32.5,20.1,2.8,32,47.1,44.7,9.7,3.5
"Chhattisgarh","Dakshin Bastar Dantewada",76,90,47.5,95.1,27.5,12.6,1,21.4,56.7,49.3,14.8,2.6
"Chhattisgarh","Gariyaband",64.6,88.9,25.8,100,39.9,26.1,4.8,1.2,58.2,68.9,15.5,5.6
"Chhattisgarh","Janjgir-Champa",66.3,89.5,30.9,94.1,34.2,21.5,2.1,1.3,78.4,74.9,15.1,5.1
"Chhattisgarh","Jashpur",61.5,95.5,76.9,95.5,50.5,32,0,12.1,68.2,73.1,17.3,10.4
"Chhattisgarh","Kabeerdham",43.6,95.4,80.4,98.5,59.8,36.9,0,2.6,63.5,66.2,16.5,6.7
"Chhattisgarh","Kondagaon",79.7,83.7,23.8,96.9,39.5,17.3,4.4,18.3,57.8,54.7,12.2,6.5
"Chhattisgarh","Korea",64.4,92.5,74.5,90.2,59.6,38.7,0.4,4.7,65.7,74.8,14.5,8.5
"Chhattisgarh","Mahasamund",63,87.4,22.9,98.2,35.1,18.9,2.4,3.7,61.4,70.6,11.7,4.3
"Chhattisgarh","Mungeli",54.5,89,59,98.7,60.3,38.8,0,1.2,68.2,66.5,17.5,7.5
"Chhattisgarh","Narayanpur",72,87.1,63.4,100,40.5,24.2,1.6,24.7,55.6,52,13.4,3.7
"Chhattisgarh","Raigarh",62.2,92.8,76.8,100,58,31.8,0.8,3.8,69.1,74.9,15.5,8.7
"Chhattisgarh","Raipur",59.1,78,27.7,96.6,46.1,25.6,3.8,1.2,72,79.6,11,3.6
"Chhattisgarh","Sukma",78.4,80.1,51.6,95,27.6,19.8,1.8,32.2,48.3,39.8,10.5,2.7
"Chhattisgarh","Surajpur",60.7,82,71.8,92.6,56.3,33.8,0,7.4,62.4,66.9,16.6,7.2
"Chhattisgarh","Surguja",58.3,89.5,61.3,96.4,54.5,38.2,0.3,12.1,63,71,16.7,9.8
"Chhattisgarh","Uttar Bastar Kanker",65.2,91.8,44,94.6,56.2,42.9,2.8,5.2,80.6,77.2,17.2,9.1
"Delhi","East",42.5,81.2,40.8,95.7,76.7,53.9,4.5,0.4,96.7,83,16.6,6.2
"Delhi","North",47.2,81.8,14.5,96.3,55.7,41.7,5.7,0.4,94.8,80,11.6,6
"Delhi","North East",45.9,93.4,43.6,95.7,78.1,55.8,2.3,0.2,98.6,83.8,16.6,7.5
"Delhi","North West",51.4,83.4,14.8,95.4,65.6,48.3,8.8,0.4,95.6,85,14.3,5.1
"Goa","North Goa",40,87.3,5.3,97.1,84.8,68.4,1.5,4.4,97.3,92.4,11,4.1
"Goa","South Goa",37.6,0,0,0,92.2,59.1,0,7,96.2,93.8,13.6,3
"Gujarat","Ahmadabad",63.7,80,2.2,93,69,54.3,1,0.3,66.4,81.5,8.4,3.3
"Gujarat","Amreli",50,87.5,3.8,93.4,73.8,59.2,0.3,0.4,73.8,77.2,8,4.3
"Gujarat","Anand",66.4,89,2.1,98.1,55.5,41.3,0,0.3,69.1,75.9,15.9,6.1
"Gujarat","Arvalli",77.3,87.9,5.9,95.2,56,41.4,1.8,0.3,52.5,71.9,11.8,6.9
"Gujarat","Banas Kantha",60,64.1,1.8,86.4,56.8,42.7,0,0.1,52.7,63.7,7.9,2.9
"Gujarat","Bharuch",71.8,83.6,10.7,91.5,38.4,21,0.4,1.1,63.6,74,14.4,4
"Gujarat","Bhavnagar",49.4,85.2,0,90.6,45.2,28.6,1.8,0.3,64.5,74.2,9.8,4.1
"Gujarat","Botad",58.8,76.3,1.3,94,54.6,36.7,0.6,0.4,72.1,71.8,6.2,3
"Gujarat","Chhotaudepur",78.9,86.6,0,98.7,59.4,45.5,2.7,1.3,44,53.2,12.1,5.7
"Gujarat","Dang",77.2,91.3,0,94.9,78.9,56.6,2.7,4.6,57.4,68.9,18.3,4
"Gujarat","Devbhumi Dwarka",48.8,77.2,0,92.3,29.1,12.2,0,0.5,65.9,66.1,9.7,4.4
"Gujarat","Dohad",75.1,73.8,1.2,88.9,65,44.6,3.7,0.9,45.1,56.1,12.8,4
"Gujarat","Gandhinagar",68.8,90.4,3.8,94.2,38.1,22.6,0.4,0.1,69.3,81.8,12.6,5.8
"Gujarat","Gir Somnath",49.9,92.5,0,98.8,53.5,35.4,0.7,0.4,74.1,73.1,6.5,3.3
"Gujarat","Jamnagar",50.2,92.9,0,100,52.5,32.9,2.1,0.2,75,83.1,8.2,3.2
"Gujarat","Junagadh",58.8,95,2,95.3,39.6,28,1.5,0.2,75.2,82.8,12.7,5.6
"Gujarat","Kachchh",57.5,87.6,2.5,97.4,74.3,54.9,0.5,0.3,59.1,75.6,10.8,4.4
"Gujarat","Kheda",76.1,88.2,4.6,90.1,42.4,27,1.5,0.5,65.3,70.9,14,6.3
"Gujarat","Mahesana",69.3,85.1,2.6,92.6,58.3,44.8,0.5,0.2,44.5,75.1,12.9,5.9
"Gujarat","Mahisagar",72.5,85.9,1.5,97.2,63.3,45.7,0.9,0.3,59.4,70.9,10,4.1
"Gujarat","Morbi",50.7,83.1,3.9,95.9,55.8,43,0.9,0.2,66.2,82.4,9.3,4.2
"Gujarat","Narmada",75.9,84.6,2,88.3,65.1,48.4,1,1.2,52.5,67.3,12,5.6
"Gujarat","Navsari",68.7,96.9,3.2,100,79.1,67,3.9,1.4,77.2,84.1,14.9,5.4
"Gujarat","Panch Mahals",69.8,96.9,0,99.1,64.2,42.2,0.9,0.4,61.8,71.7,14.9,6.4
"Gujarat","Patan",59.8,92.6,0,97.2,68.1,55.6,0.5,0.2,56.9,71.1,8.3,3.7
"Gujarat","Porbandar",47.6,91,2.5,96.6,56.5,37,0.8,0.3,71.7,84.3,8.7,3
"Gujarat","Rajkot",60.5,88.1,0,95.8,60.6,42,1.2,0.1,84.5,84.7,9.4,2.5
"Gujarat","Sabar Kantha",67.3,93.1,0,98.6,52.2,24.6,0.5,0.5,68.4,74.5,14.7,6.6
"Gujarat","Surat",69,92.8,0,100,73.1,52.7,0,1.6,78.2,84.2,15.3,4.9
"Gujarat","Surendranagar",55.6,75.2,1.6,91.2,39.6,25.4,2.9,0.1,52.8,75.1,9.9,3.5
"Gujarat","Tapi",77.4,100,0,97.5,73.6,51.6,1.6,2.3,63.7,72,16.7,7.6
"Gujarat","Vadodara",72.3,91.7,8.3,93.2,53.1,41.3,0.7,0.4,72.4,84.6,13.8,4.9
"Gujarat","Valsad",75.7,92.5,5.2,98.5,76.5,59.1,0.6,1.5,84.9,82.9,15.5,5.1
"Haryana","Ambala",46.1,93.3,76.3,97.7,51.6,32.1,5.8,0.4,93.3,85,15.3,9.4
"Haryana","Bhiwani",66.4,93.2,79.7,95.3,53.3,30.3,0.3,0.1,95.5,78.8,12.3,3.9
"Haryana","Charki Dadri",72.6,92.6,85.1,92.4,48.9,30.9,0.3,0.1,96.3,83.6,13.7,4.7
"Haryana","Faridabad",54.2,83.6,69.5,95.4,44.6,25,1.2,0.5,95.5,82.3,15.2,5.3
"Haryana","Fatehabad",62.3,93.8,90.7,96.8,60.3,41.5,0.6,0.5,96.7,71.1,9.7,5
"Haryana","Hisar",63.8,95.4,97.1,100,54.4,34.4,2.2,0.2,96.4,77.7,9.5,6.6
"Haryana","Jind",59.6,88.1,78.4,96.3,46.9,27.5,0.7,0,96.2,81.3,9.4,4.5
"Haryana","Karnal",61.9,98.8,91.9,100,78,53.7,5.1,0.3,92.9,84,10.7,3.8
"Haryana","Kurukshetra",57.1,98.5,87.4,97,70.6,51.4,7.7,0.2,92.3,83,17.9,7.8
"Haryana","Mahendragarh",61.2,86.4,82.5,94.3,48.5,28.4,0.8,0.4,95.7,81.1,13.7,5
"Haryana","Nuh",60.6,68.3,49,87.2,18.3,5.7,0.7,0.3,58.1,41.9,10.6,2.9
"Haryana","Palwal",57.2,82.2,71.5,94.1,32.1,20.5,2.1,0.1,91.4,68.3,14,6.2
"Haryana","Panipat",66.9,87,77.1,96.8,41.1,23.2,4.7,0.5,94,83.8,11.3,4.1
"Haryana","Rewari",61.8,90.2,78.5,92.6,45.8,29.1,0,0.3,94.8,86,15.7,6.8
"Haryana","Rohtak",65.3,84.4,78.1,88.2,56.4,34.5,1.9,0.3,98.3,85.8,10.6,5.6
"Haryana","Sonipat",53.3,90.1,83,92.4,48.9,32.2,4,0.2,97.5,87.3,12.6,4.5
"Haryana","Yamunanagar",56.6,90.4,80.9,95.8,58.9,36.3,6.6,0.4,91.6,85.8,15.6,7.2
"Himachal Pradesh","Bilaspur",53,100,90.3,100,72.4,48.9,0,0.3,94.4,91.2,11.5,4.3
"Himachal Pradesh","Chamba",43.7,100,100,100,65.4,37.4,1.6,0.6,87.3,84.1,11.9,3.5
"Himachal Pradesh","Hamirpur",49.5,83,77.1,88.6,69.9,33.5,1.1,0.3,94.3,94.8,13.7,6.8
"Himachal Pradesh","Kangra",63.4,97.4,86.1,97.4,63.4,38.5,0.4,1.1,89,94.4,13.4,6.8
"Himachal Pradesh","Kinnaur",51.7,94.1,94.1,97.7,68.7,45.2,0.8,0.9,95.9,89.1,11.3,3.8
"Himachal Pradesh","Kullu",52.8,91.5,87.4,93.8,61.9,43.4,0.5,1,85.7,87.4,10.3,2.9
"Himachal Pradesh","Lahul And Spiti",82.1,92.7,85.9,97.5,72.7,48,1.3,1.8,90.9,86.2,8.7,3.6
"Himachal Pradesh","Mandi",48.9,100,95.9,100,68.4,39.9,0.4,0.6,92.4,94,10.8,4.2
"Himachal Pradesh","Shimla",46.5,98.3,81.2,100,77.2,53.3,3.8,0.5,93.4,93.4,10.7,4
"Himachal Pradesh","Sirmaur",50.1,97.2,92.2,100,76,54.5,2.8,0.3,92.9,84.9,10.9,4.5
"Himachal Pradesh","Solan",47.5,95,95,97.6,74.6,51.2,4,0.5,94.4,91,12.5,5.4
"Himachal Pradesh","Una",60.8,88.2,72.2,100,46.5,36,0.4,0.2,93.7,92.5,11.7,6.4
"Jammu And Kashmir","Anantnag",74.3,90.5,12.5,88.4,32.5,20.9,7.7,0.2,74.2,74.7,11.5,3.8
"Jammu And Kashmir","Bandipora",73.7,90.3,7.9,93.4,21.9,8.8,4.8,0.1,64.4,66.6,8.8,5
"Jammu And Kashmir","Baramulla",72.5,87.2,4.2,91.5,22.4,13.1,3.8,0.2,62,67.9,13.6,3.9
"Jammu And Kashmir","Budgam",73.9,95.7,11.7,100,25.4,12.4,5.1,0,75.3,74.1,10.9,4.5
"Jammu And Kashmir","Doda",66.5,69.4,0,83.6,23.1,13.3,0,0.2,68.8,69.2,12.6,3.9
"Jammu And Kashmir","Ganderbal",77.2,90.8,10.8,98.7,16.3,10.8,2.3,0.2,69.8,64,10.7,3.2
"Jammu And Kashmir","Jammu",66.6,95.5,0,95.5,51.4,27.3,3.6,0.3,95.3,91.5,10.4,3.6
"Jammu And Kashmir","Kathua",53.6,100,0,100,32.6,20.1,1,0.5,85.4,87.7,15.3,1.9
"Jammu And Kashmir","Kishtwar",84.8,94.6,8.2,97.3,34.8,15.8,2.2,0.1,70.8,71.3,4.3,2.2
"Jammu And Kashmir","Kulgam",77,98.1,0,100,15.8,10.3,0,0.1,75.9,70.9,19.4,3.1
"Jammu And Kashmir","Kupwara",73.5,96.5,0,98.3,29.2,8.5,8.9,0,48.7,76,10.5,2.1
"Jammu And Kashmir","Poonch",54.1,98.5,6.1,97,20.6,11.3,3.8,0.3,76,79.3,11.4,1.9
"Jammu And Kashmir","Pulwama",73.2,94,0,97,33.1,15.7,2.6,0,85.1,76.6,14.2,4
"Jammu And Kashmir","Rajouri",60.6,98.2,12.4,100,17.4,3.8,6.1,0.1,53.1,79.4,11.3,2.7
"Jammu And Kashmir","Ramban",59.7,87.3,6.1,92.2,12.9,9,3.4,0.5,58.5,62.2,11.5,2
"Jammu And Kashmir","Reasi",62.9,86.6,0,90.5,32.6,21.8,0.9,0.1,59.7,68.2,11,1.2
"Jammu And Kashmir","Samba",62.4,94,0,98,46.5,24.4,3.2,0.7,85.5,84.8,11.6,4
"Jammu And Kashmir","Shopian",63.9,100,2.9,100,34.4,7.6,3.8,0.4,69.8,80.8,11.5,1.4
"Jammu And Kashmir","Srinagar",51.7,95.7,7.4,95.7,34.1,24.7,2.2,0,84.8,78.4,9.9,1.6
"Jammu And Kashmir","Udhampur",56.5,89.3,14.7,92.9,19.4,6.9,4.5,0.6,74.7,77.3,12.9,3.4
"Jharkhand","Bokaro",68.8,85.4,75.2,97,29.6,22.5,2.2,2,80,69.2,13.4,6.2
"Jharkhand","Chatra",56,80.7,75.1,91.5,28.2,15.4,1.4,5.9,66.9,57.7,8.7,5
"Jharkhand","Deoghar",70.2,68.6,54,87.5,18.5,11.8,0.8,2,68,50.7,8.6,4.2
"Jharkhand","Dhanbad",63.8,83.9,61,94.7,18.6,8.3,1.8,1.1,81.3,69.7,12,4.8
"Jharkhand","Dumka",73.4,83,69.4,96.5,21.8,9.3,1.3,8.8,63.6,51.8,9.5,4
"Jharkhand","Garhwa",62.7,86,79.3,96.8,16.8,3.3,0.2,3,59.3,59.6,11.1,5.3
"Jharkhand","Giridih",64.7,82.7,66,92.4,19.8,13.7,3.1,1.4,65.2,53.4,10.1,5.1
"Jharkhand","Godda",66.3,86.4,56.2,90.7,16.7,10.4,4.2,3.3,64.8,46.6,12.4,5.1
"Jharkhand","Gumla",59.5,95.3,90.8,97.8,47.8,22.7,3,16.1,75.6,63.7,11,3.4
"Jharkhand","Hazaribagh",56.1,89.9,75.5,97.1,23.8,16.8,2.7,3.4,74.6,67.2,10.6,5.9
"Jharkhand","Jamtara",77.7,89.7,71.4,91.4,31.2,19.1,5.8,5.3,73.1,53.5,10.1,5.1
"Jharkhand","Khunti",70,81.7,70.5,91.6,47.6,30.8,1.9,19.8,71,55.3,7.2,3.2
"Jharkhand","Koderma",64.9,87.4,82.7,95,13.1,4.8,2.4,0.5,80.1,63.6,8.5,3.7
"Jharkhand","Latehar",63.6,95.2,88.9,97.8,41.6,29.1,6.1,12.7,72.1,54.9,8.7,5.7
"Jharkhand","Lohardaga",61.7,93.4,84.7,100,40.6,13,0.6,7.9,91.7,65.2,11.8,4.7
"Jharkhand","Pakur",79.7,84.1,77.4,95.4,16.5,3.3,1.2,5.1,66.4,41.4,10.1,5.7
"Jharkhand","Palamu",61,90.3,86.3,96.1,24,5.7,0.6,3.1,73.8,62.5,11,5
"Jharkhand","Ramgarh",62.3,91.4,74.5,98.2,31.5,15.1,2.6,5.9,88.4,71,12.9,5.8
"Jharkhand","Ranchi",58.9,81,77.8,92.5,43,20,1.9,5.7,85,76,12.9,4.6
"Jharkhand","Sahebganj",71.5,74.5,70.9,95.7,15,7.3,2.2,6.7,58.4,48.8,8.2,5.2
"Jharkhand","Saraikela Kharsawan",70.2,92.9,87.8,100,42.6,24.7,3.2,11.3,74.7,64,9.7,4.8
"Jharkhand","Simdega",70.6,88.2,83.8,92.9,46.4,23.6,0.6,15.7,92.6,66.4,11.6,7.8
"Jharkhand","West Singhbhum",72.6,92.1,86.9,96.2,37.4,23.1,2.7,28.5,80.4,47.8,12,4.6
"Karnataka","Bagalkote",48,92,0,95.5,32.3,21.2,3.1,0.6,65.9,69.7,11.1,3.8
"Karnataka","Ballari",58.1,93.1,4.6,97.6,28.7,15,1.6,1,85,64.4,12.7,4.8
"Karnataka","Belagavi",52.9,91.6,7.3,97.2,36.9,16.9,1.1,0.5,75.3,74,11.6,4.3
"Karnataka","Bengaluru Rural",44.2,98.4,4.3,100,67,39.8,0.4,1.5,97.6,83.8,15.6,7.4
"Karnataka","Bengaluru Urban",35.5,90,11.2,95.4,58.8,46.3,0,1.1,98.5,87.3,21.2,5.6
"Karnataka","Bidar",55.9,86.6,13,97.7,39.7,26.4,2.4,0.3,81.6,73.8,13,4.2
"Karnataka","Chamarajanagara",46.3,95.8,0,97.9,41.2,27.9,3.6,0.9,94.1,72.4,16.9,9.3
"Karnataka","Chikkaballapura",45.5,83.8,10.4,87.9,48.8,19.7,1,1.2,96.2,76.3,13.5,7.5
"Karnataka","Chikkamagaluru",40.8,100,2.6,100,49.6,26.4,0.4,1.5,93.1,82.9,18.2,7.7
"Karnataka","Chitradurga",44.6,94.6,4.5,97.3,50.5,36.6,2.5,2,85.5,75.6,18.4,8.4
"Karnataka","Dakshina Kannada",38.8,90,5.8,100,68.9,35.4,0.9,0.6,93.9,92.7,17.5,8.6
"Karnataka","Davangere",51.7,93.7,6.6,96,25,21,3.4,1.7,80.2,76,12.6,6.5
"Karnataka","Dharwad",52.1,97.6,0,100,45.1,25.7,0,0.5,81,81.8,15.1,6
"Karnataka","Gadag",50.5,82.1,0,93,33.5,17.4,2.3,0.5,68.3,70.7,12.1,6.8
"Karnataka","Hassan",42.2,100,8.7,100,50.1,33.6,1.9,1,92,82,15.7,7.6
"Karnataka","Haveri",50.8,97.2,5.2,98.6,30.5,16.8,1.7,1,75.8,71.5,11.1,4.7
"Karnataka","Kalaburagi",56,87.4,12.2,95,26.6,18.2,0.8,0.8,68.9,68.2,10.3,3.4
"Karnataka","Kodagu",39.9,93.7,2.8,93.7,46.8,30.2,2.5,2.3,94.2,88.5,16.1,10.6
"Karnataka","Kolar",43.6,89,6.4,100,60.2,39.5,1.5,0.3,93.7,78.3,13.2,9
"Karnataka","Koppal",54.8,94.2,0,97.3,15.8,8,0,1.2,67.8,59.8,11.6,5.6
"Karnataka","Mandya",47,93.9,0,100,54.8,21.3,2.3,0.7,87.3,78.3,17,7.6
"Karnataka","Mysuru",48,97.2,2.2,100,65.2,31.1,1.6,1.6,90.6,78.9,13.8,7.3
"Karnataka","Raichur",60.4,83.8,1,92,32.8,25,2.9,0.9,68.8,54.3,11.2,4.4
"Karnataka","Ramanagara",45.5,100,0,100,47.9,23.9,2.5,0.5,99.5,82.7,16.1,7.3
"Karnataka","Shivamogga",41.9,98,2.1,100,56.6,39.1,3.3,1.4,86.3,79.8,15.4,7.1
"Karnataka","Tumakuru",49.3,100,2.7,100,61.8,27.9,1.6,0.8,94.5,81.9,16.3,6.5
"Karnataka","Udupi",47.3,94,2,100,51.3,34.2,1.9,1,95.5,90.3,16.2,8.2
"Karnataka","Uttara Kannada",44.6,96.7,4.3,98.2,35.6,18.4,3,0.3,93.9,84.3,14.8,7.1
"Karnataka","Vijayapura",52.9,84.7,14.1,95.5,36.6,15.4,1.6,0.8,71.9,66.6,11.2,5.1
"Karnataka","Yadgir",57.3,91,1.6,97.2,29.6,10.8,0.6,1.1,67.9,48.1,10.6,4.5
"Kerala","Alappuzha",31.9,76.8,8.7,96.9,61,52,2.8,0.2,93.1,99.7,15.2,6.3
"Kerala","Ernakulam",31.7,91.4,8.9,97.9,82.8,70.6,2.4,0.5,94.5,99.3,15.7,5
"Kerala","Idukki",32,89.6,0,100,75.6,63.6,5.3,0.4,92.6,94.4,17.6,10.1
"Kerala","Kannur",39.7,87.5,3.9,98,78,58.8,3.3,0.1,96.8,99.1,17.2,7.6
"Kerala","Kasaragod",35.4,96.6,24.7,98.6,89.4,83.7,0.3,0.1,93.9,95.9,13.5,5.3
"Kerala","Kollam",36,89.1,11.1,96.3,89,81.5,5.4,0.2,99.4,98.2,16.3,6.6
"Kerala","Kottayam",38.7,0,0,0,51.1,44,1.2,0.6,94.1,99.7,15.4,8.6
"Kerala","Kozhikode",29.8,90.7,16.5,98.1,85.7,76.1,1.2,0,96.5,99.1,16,6
"Kerala","Malappuram",34.7,82.3,3.5,100,92.3,71.1,0.6,0.2,88.7,99.2,14.3,4.9
"Kerala","Palakkad",49.6,71,11,90.2,71.7,58.8,1.9,0.4,87.5,94.4,17.9,7.8
"Kerala","Pathanamthitta",36.4,0,0,0,74.7,58.6,3.5,0.2,97.9,99.7,17.7,11.7
"Kerala","Thiruvananthapuram",33,84,11.5,100,71.6,59.9,4.9,0,98.1,98.5,12.3,6
"Kerala","Thrissur",44.4,0,0,0,78.6,70.8,2.3,0.2,87.5,99.4,14.3,6.1
"Kerala","Wayanad",26.9,86.4,0,97.7,94.9,75.3,1.4,1.2,84.9,93.7,15.1,7.2
"Ladakh","Kargil",92,100,7.7,100,19.6,12.5,2.8,1.4,74.4,77.2,12,2.7
"Ladakh","Leh Ladakh",93.5,90.6,13.2,98.2,9.5,2.6,7.8,6.1,83,76.4,8.7,0.7
"Madhya Pradesh","Alirajpur",60.5,87.5,70.7,97.6,54.5,18,0.7,7,48.5,40.8,16.7,4.4
"Madhya Pradesh","Anuppur",52.6,86.6,81.2,92.3,58.8,28.8,0.7,3.7,56.2,72.1,14,8.5
"Madhya Pradesh","Ashoknagar",46.1,86.9,78.6,96.5,42.5,26.6,1.4,0.5,50.6,57,11.2,3.9
"Madhya Pradesh","Barwani",58.4,84.4,72.6,96.5,54.2,33,1.7,1.4,51,49.3,15.2,4.8
"Madhya Pradesh","Betul",56.2,88.1,86.4,94.9,78.3,57.8,0.3,3.1,62.5,72.7,11.5,3.9
"Madhya Pradesh","Bhind",69.9,83.1,78,92.2,48.1,29.8,0.2,0.4,75.3,70.2,10.6,3.5
"Madhya Pradesh","Burhanpur",57.3,94.2,92.9,97.1,72.6,60.7,3,1,66.1,64.7,8.7,3.1
"Madhya Pradesh","Chhatarpur",63.5,93.2,68.1,98.2,27.1,15.6,4.9,0.5,63,60.5,12.4,3.3
"Madhya Pradesh","Chhindwara",41.7,80.6,67.4,95.7,53.7,34.3,0.9,2.3,69.6,72.7,10.9,6.2
"Madhya Pradesh","Damoh",48.1,75.6,53.3,92.7,40.2,29.1,4.1,0.1,40.9,61.6,13.6,6.3
"Madhya Pradesh","Datia",58.6,88.8,81.1,98.5,43.3,21.4,0.4,0.2,72.9,67.2,10.6,3.4
"Madhya Pradesh","Dewas",51.3,94.9,79.5,96.7,58,40.8,4.7,0.5,68.8,64.2,14.3,7.6
"Madhya Pradesh","Dindori",65.2,83.3,66.6,96.4,52.6,37.5,4.8,6.8,37.5,63.7,16.2,7.9
"Madhya Pradesh","Guna",49.8,83.7,83,95.4,60.8,43.4,1.1,0.4,48.3,53.2,11.8,3.8
"Madhya Pradesh","Gwalior",62.5,83.9,70.2,91.8,56.1,38.9,0.6,0.2,77.1,76,12.6,4.9
"Madhya Pradesh","Harda",62.6,98.1,86.9,100,67.7,47.4,9.2,0.7,70.4,71.4,13.8,5.2
"Madhya Pradesh","Jhabua",58.8,94.6,85.5,98.7,50.3,38.6,1.3,1.1,50.4,37.1,16.9,5.5
"Madhya Pradesh","Katni",58.7,90.5,75.9,95.8,52.8,25.3,4.3,0.4,55.5,67.2,13.1,4.1
"Madhya Pradesh","Khargone (West Nimar)",50.1,86.6,69.5,95.1,45.3,27.8,0.9,1.1,69.1,59.5,13.6,5.9
"Madhya Pradesh","Mandla",60.6,93.5,78.6,96.7,60.5,40.9,3.5,3.6,53.4,66.5,18.2,4.4
"Madhya Pradesh","Morena",67.5,81.1,78.6,91,43.1,31.2,1.4,0.2,67.5,65.5,9.6,4.5
"Madhya Pradesh","Narmadapuram",51.9,87.9,79.7,94.9,44.9,31.3,7.3,1.2,55.6,67.6,14,7
"Madhya Pradesh","Narsimhapur",46.9,88.4,68,87.2,53.1,28.7,2.4,0.3,58.4,69.2,12.6,6.9
"Madhya Pradesh","Neemuch",50.3,93.2,87.9,100,48.4,34.3,0.9,0.4,66.4,67.3,17.4,7
"Madhya Pradesh","Panna",59,80.6,58.4,88.4,29.9,15.9,2.1,0.3,46,55.7,10.4,4.3
"Madhya Pradesh","Rajgarh",52.3,88.7,65.3,90.3,43.5,28.5,2.5,0.5,50.9,52.1,14.7,6.7
"Madhya Pradesh","Ratlam",59.5,94.4,91.5,97.3,66,50.3,3.3,0.2,59.6,62.4,13.4,6.3
"Madhya Pradesh","Rewa",61.7,92.2,68,96.1,29.9,18.3,2.8,0.6,40.3,62.3,12.7,3.7
"Madhya Pradesh","Sagar",49.8,81.6,57.1,98.5,34.4,13,7.3,0.3,59,69.4,16.1,6.6
"Madhya Pradesh","Sehore",45.3,80.7,55.1,93.3,47.3,28.3,2.8,0.3,49.8,64.3,14.1,8
"Madhya Pradesh","Seoni",59.9,94.8,81.6,98.2,70.8,40.2,1.6,1.8,60.6,71.6,11.7,6.1
"Madhya Pradesh","Shahdol",56.4,87.6,77.3,98.7,55,31.7,1.1,2.3,51,68.5,11.9,6.4
"Madhya Pradesh","Shajapur",45.8,97.2,70.6,98.6,48.7,29.8,1.8,0.3,59.8,58,14.7,6.8
"Madhya Pradesh","Sheopur",64.9,78.2,61.2,93.6,36.4,21.3,0.2,0.3,50.5,49.8,13.9,4.1
"Madhya Pradesh","Shivpuri",51.1,77.5,70.5,94.5,48,27.7,0.6,0.2,58.7,56.7,8.9,3.5
"Madhya Pradesh","Sidhi",55.7,86.3,77.7,97.6,34.9,13.5,2.8,0.7,37.9,64.4,12.7,3.5
"Madhya Pradesh","Umaria",51.5,94.9,72.5,98.6,43,26,3.2,2,48.9,63,14.2,5.8
"Maharashtra","Ahmednagar",50.3,92.6,4.4,96.6,53.3,32,2.7,0.2,84.2,86.2,13.4,5.1
"Maharashtra","Akola",52.6,80.1,10,97.8,60.6,40.4,6.5,0.2,79.7,87.5,11.7,4.2
"Maharashtra","Amravati",53.4,95.9,2.1,100,38.1,23.7,5.2,0.9,83,87.8,10.9,4.8
"Maharashtra","Beed",50.8,84.8,11.2,96.5,28.4,21.8,3,0.5,70.7,76.3,15,8
"Maharashtra","Bhandara",65.3,95,13.9,97.5,64.4,29,2.7,1.3,93.1,89.1,12.2,4.7
"Maharashtra","Buldhana",57.8,89.5,6.3,100,61.2,45.1,6.3,0.2,74.8,79.9,12.6,4.7
"Maharashtra","Chandrapur",55.5,100,5.2,100,69.2,53.3,7.3,0.5,84.1,87.8,12.4,4.8
"Maharashtra","Chhatrapati Sambhajinagar",52.4,89,27.8,94.2,14.5,6.9,4.1,0.2,77.3,83.1,11.5,5.2
"Maharashtra","Dharashiv",49.1,93.2,7,100,66.1,44.4,4.1,0.3,86.5,83.7,14.1,6.3
"Maharashtra","Dhule",61.2,67.4,5.2,87.1,30.7,16.5,2.1,38.2,60.7,68.8,10.4,5.8
"Maharashtra","Gadchiroli",66.2,97.9,7.9,100,70.8,34.8,3.2,3.1,80.9,79.4,10.4,3.1
"Maharashtra","Gondia",60.4,91.1,2.6,95.8,46,19,2.6,0.4,88.6,87.5,11.6,5.5
"Maharashtra","Hingoli",51.3,92.7,7.3,98.3,23.2,10.9,3.2,0.2,77.2,76.5,10.7,3.5
"Maharashtra","Jalgaon",65.2,76.8,19.3,96.2,28.9,20.4,4.1,0.5,70.1,76.5,10.9,5.4
"Maharashtra","Jalna",58.2,64.3,15.3,92.6,27.2,20.8,7,0.2,71.8,71.8,12.5,4.2
"Maharashtra","Kolhapur",50.1,78.8,2.4,88.6,58.8,39.4,3.2,0,91.9,90.7,17,6.6
"Maharashtra","Latur",50.7,84.7,8.4,96.2,53.6,38,3.3,0.2,81,83.3,11.1,4.9
"Maharashtra","Mumbai",45.9,0,0,0,72.4,49.5,1.7,1.1,99.1,94.3,14.1,2.1
"Maharashtra","Nagpur",53.6,95.1,9.6,100,57.1,42,3.9,0.4,88.5,94.6,13.2,3.6
"Maharashtra","Nanded",57.3,79.9,2.5,93.8,21.7,8.8,1,0.2,76.8,71.9,8.9,4.6
"Maharashtra","Nandurbar",64.2,86.5,11.8,95.9,38.3,25.3,4.7,2.8,47.5,57.7,13.8,6.4
"Maharashtra","Nashik",56.2,80.3,2.1,88.6,43.4,23,4.7,0.2,79.3,80,13.3,5.4
"Maharashtra","Palghar",56.9,100,0,100,65.3,44.3,4.7,1.4,83.8,77.6,16,3.6
"Maharashtra","Parbhani",58.8,76.2,5.7,89.6,17.9,11.2,1.4,0.1,75.3,73.4,11.2,4.7
"Maharashtra","Pune",51.9,68,17.4,81.7,50.2,40,3.3,0.2,94.6,89,14.3,3.7
"Maharashtra","Raigad",54.2,94.6,12.8,97.8,61.6,42.6,2.6,0.4,89.6,79.2,14.8,6.1
"Maharashtra","Ratnagiri",43.4,85.3,5.8,89.9,54.6,29.3,2.4,0.5,84.6,87.2,18.2,8.1
"Maharashtra","Sangli",47.5,82.8,2,96.3,58.2,32.1,0.3,0.2,87.4,90.3,18.2,6.7
"Maharashtra","Satara",49.6,93.8,6.7,96.2,59.5,39.7,5.9,0.5,87.2,87.2,16.4,6.2
"Maharashtra","Sindhudurg",41.2,79.4,5.8,100,59.6,38.2,1.4,0.1,89.4,92.1,21.4,6.9
"Maharashtra","Solapur",54.5,90.2,4.7,93.5,60.3,36,2.4,0.3,84.5,76.4,16.2,6.5
"Maharashtra","Thane",58.8,77.1,3.5,90.1,54.9,32.2,0.4,0.4,91.5,90.5,13.9,6.1
"Maharashtra","Wardha",60,97.4,2.6,100,50.6,29,2.5,0.6,94,93,9.8,2.7
"Maharashtra","Washim",56.4,80.6,5.6,96.4,44.5,34.4,5.1,0.4,72.5,78,14.4,4.7
"Maharashtra","Yavatmal",58.4,88.6,0,98,41.7,19,0,0.7,89.3,80.8,10.5,3.5
"Manipur","Bishnupur",35.8,77.8,8.6,96.1,57.4,30.5,2.1,0.8,80.1,88.4,13.9,5.3
"Manipur","Chandel",27.3,76.6,2.3,96.5,44.2,21,1.2,1.2,79.7,80.2,12.7,7.4
"Manipur","Churachandpur",32,76.5,11.7,88.9,28.5,11.9,1.3,1.2,87.4,84.2,9.7,4.6
"Manipur","Imphal East",35.9,83.3,4.9,100,55.8,31.9,1.9,0.8,76.4,90,11.9,4.9
"Manipur","Imphal West",26.8,94.4,9.4,94.7,60.9,36.7,2.4,0.5,94.6,92.5,16.4,6.1
"Manipur","Senapati",27.4,77.1,14.9,87.2,28.4,15.6,2.3,1.2,84.4,81.9,10.8,7.1
"Manipur","Tamenglong",27.3,78.6,3.7,91.2,31,9.9,1.4,2.2,71,76.8,15.7,4.9
"Manipur","Thoubal",24.2,84.6,4.9,98.7,68.5,45.3,1.1,1,81.6,85.4,13.8,6.5
"Manipur","Ukhrul",21.9,53.3,0,91.5,25.1,11.7,1.9,0.9,80.6,86.9,13.3,7.6
"Meghalaya","East Garo Hills",50.9,83.3,12.5,81.5,28.8,7,1.6,0.9,75.7,86.7,8.5,2.9
"Meghalaya","East Jaintia Hills",43.9,84,0.6,92.6,51.9,25.7,4.8,3.6,47.9,76,9.1,5.9
"Meghalaya","East Khasi Hills",48.2,59.2,5.2,84.2,40.1,27.1,5.1,1.2,70.7,93.7,11.2,5.6
"Meghalaya","North Garo Hills",58.4,57.9,8.2,65.9,23.7,7.9,0.9,2.2,74.9,86.1,10.5,4.6
"Meghalaya","Ri Bhoi",62.4,82.8,4.4,94,48.8,22.4,3.6,0.7,67.8,89.5,7.4,2
"Meghalaya","South Garo Hills",56.2,86.8,2.4,100,51.8,14.6,3.1,1.4,66.6,88.6,10.1,1.1
"Meghalaya","South West Garo Hills",62.5,90.9,13.4,98.6,28.3,11,7.5,1.2,66.8,82.6,8,2.1
"Meghalaya","South West Khasi Hills",58.9,86.9,0.6,95.8,53.8,19.8,6,1.1,57.3,85.9,10.9,4.4
"Meghalaya","West Garo Hills",55.3,84.8,5,100,48.2,14.9,3.5,2.1,79.6,89,11.5,2.7
"Meghalaya","West Jaintia Hills",55.9,77,4.8,90.9,32.7,19.8,4.8,1.3,32.6,80,9,3.3
"Meghalaya","West Khasi Hills",51.8,68.2,0.7,86.7,51.6,21,6.5,1.6,48.9,87.4,9.1,4.8
"Mizoram","Aizawl",31.7,79.4,16.6,81.6,58.5,12.1,0.8,1,92.7,98.9,14.1,2.7
"Mizoram","Champhai",25.7,90.5,2.4,97.6,74.3,12.5,0,1.6,95,97.7,9.1,4.5
"Mizoram","Kolasib",37.7,85.2,0,88.1,67.7,13.3,0.9,0.9,94.3,96.9,10.3,4
"Mizoram","Lawngtlai",48.5,74.1,0,75.6,50.7,7.4,0.5,0.9,71,76,8.2,3.2
"Mizoram","Lunglei",34.9,85,0,79.3,64.7,9.7,0.8,0.9,91.4,91.6,7.7,3.6
"Mizoram","Mamit",34.9,95.2,2.5,98.5,68.8,4.5,0,0.4,89,89.6,10.1,2.4
"Mizoram","Serchhip",32.1,84.7,0,89.8,73,12,0.3,0.4,93.2,99.7,7.7,2.5
"Mizoram","Siaha",44.2,60.3,1.9,69.9,51.4,10,0.6,0.6,83,95.1,8.4,3.1
"Nagaland","Dimapur",34.7,73.2,7.2,85.1,14.9,9.3,0.6,1.7,84.9,86.6,11,5.2
"Nagaland","Kiphire",31.4,60.2,9.8,82.1,1.6,0.8,1.6,1,69.1,73.7,10.2,4.1
"Nagaland","Kohima",14.9,88.7,17.8,100,17.2,1,0.9,1.2,92.6,95.2,15.2,9.8
"Nagaland","Longleng",34.6,64.7,5.5,88.3,2.6,1.6,1.2,0.5,68.8,82,14.1,7.2
"Nagaland","Mokokchung",25,99,9.3,96.8,12.5,4.1,0.9,0.4,90.2,94,14.7,7.9
"Nagaland","Mon",30.2,79.1,2.8,87.1,10.6,6.4,1.6,0.2,66.5,78.2,13.1,7.1
"Nagaland","Peren",29.7,71.2,0.4,86.8,6.1,2.1,0.5,1.4,68.1,77.6,13.2,5.1
"Nagaland","Phek",30,65.3,2.1,87.6,13.5,5.6,1.1,0.9,71.1,85.8,14.8,10.3
"Nagaland","Tuensang",28.8,56.5,1.9,75.6,3.3,0.9,1.8,0.6,72.8,77.8,12.3,7.8
"Nagaland","Wokha",30.9,61.3,9.8,73.3,12.9,4.4,1.6,1.1,90.6,91.6,16,7.6
"Nagaland","Zunheboto",31.1,72.1,11.1,82.2,5.5,2.3,0,0.2,86.8,87.1,22.5,10.5
"Odisha","Balangir",59.4,97.8,95.8,97.8,83,54.4,0.7,0.8,82.4,68.1,14.7,2.7
"Odisha","Bhadrak",64,97.2,85.8,95.4,53.7,27.1,7.9,0.3,86.9,80.1,12.5,5.1
"Odisha","Boudh",54.1,95.3,91.5,95.1,58.3,28.9,2.3,0.9,79.8,68.8,13.4,5.1
"Odisha","Dhenkanal",65.9,97.7,95.4,97.8,50.9,26.4,6.1,2.6,84.9,74.1,13,7.4
"Odisha","Gajapati",66.1,94.4,92.7,96.5,64.9,36.5,0.3,5.4,75.8,47.6,12.6,4.1
"Odisha","Ganjam",56.7,90.6,81.8,96,67,42.2,0.4,0.2,83.1,69.5,12.4,7.1
"Odisha","Jajapur",63.4,91,67.7,98.2,49,21.2,9.1,3.4,83.4,75.8,13.6,6.1
"Odisha","Kalahandi",64.2,91.3,90.9,100,61,32.2,2.7,0.8,70.5,61.8,16.5,7.8
"Odisha","Kandhamal",48.9,98.4,98.4,100,72.5,42.7,1.4,1.5,75.3,68.5,16.8,5.7
"Odisha","Kendujhar",69.2,89.9,82.3,94.1,48.1,22.3,2.4,13.6,79.6,64.6,14.4,5.4
"Odisha","Koraput",58.2,100,100,100,72.3,45.5,0.4,11.5,67.2,40.6,13.5,6.7
"Odisha","Malkangiri",71.9,97.3,96.2,100,63.8,34.3,1.1,18.4,64.7,39,10.5,4.9
"Odisha","Mayurbhanj",72.2,89.6,86.2,93.2,41.7,21.6,3.2,17,76.2,58.6,14.3,8.9
"Odisha","Nabarangpur",69.3,96.1,97.4,100,83.2,48.7,0.5,6,60.1,38.5,15.7,4
"Odisha","Nuapada",64,98.4,96.9,100,52,21.4,0.8,0.9,65,53.5,13.9,6
"Odisha","Rayagada",69.1,93.7,92.8,93.9,64.3,43,1.1,4.9,63.5,42,9.5,7.2
"Punjab","Amritsar",52.1,85.2,60.7,96.1,45.1,27.3,1.6,0.1,96,80.2,23.7,9.4
"Punjab","Barnala",55.2,88.3,50.2,92.4,56.5,39.6,6,0.3,90.8,77.9,19.1,9.5
"Punjab","Faridkot",63.2,86.5,41.1,95.7,48.1,34.6,3.7,0.2,91.5,72.6,13.2,7.6
"Punjab","Fazilka",66.9,87.7,43.6,93.9,38.6,25.9,1.8,0.3,85.3,69.4,16.8,6.2
"Punjab","Ferozepur",61.5,90.9,64,97.8,40.3,22.9,4.4,0.3,93.7,75.4,18.7,8
"Punjab","Gurdaspur",55.2,88.6,66.3,91.8,56.1,43.4,1.3,0.6,91.8,82,22,11.2
"Punjab","Mansa",60.4,93.2,55.5,97.7,48.8,31.6,5.8,0.3,88,67.4,17.1,9.6
"Punjab","Pathankot",55,91.9,72.1,92.2,61.3,43.6,0.4,0.3,96.8,88.7,20.4,10
"Rajasthan","Ajmer",52.7,91.9,56.1,96.8,39.6,20.7,2.9,0.2,84.3,68.4,6.8,3.3
"Rajasthan","Alwar",53.2,71.4,40.2,92.6,16.7,7,4,0.3,84.9,63.2,13.1,5.3
"Rajasthan","Banswara",52.8,91.1,75.1,98.9,26.4,6.8,0.5,0.8,61.3,53.1,12.7,3.1
"Rajasthan","Baran",60.1,95.3,80.3,100,36.9,11.2,8.1,0.8,74.7,57.9,7.6,2.9
"Rajasthan","Barmer",49.4,92.9,68.9,97.5,41.7,24,1.3,0.4,86.3,66.3,6.6,1.1
"Rajasthan","Bharatpur",60.8,80.1,51.2,86,13.7,3.9,3.8,0.2,77.7,61.1,11.4,4.9
"Rajasthan","Bhilwara",50.4,89.1,78.6,94.6,30.4,11.9,2,0.4,76,56.4,10.7,3.5
"Rajasthan","Bikaner",58.9,84,58.6,94.8,29.8,11.6,2.2,0.4,90.2,62.5,6.2,2.2
"Rajasthan","Bundi",55.9,92.3,65.5,97.7,35.5,8.7,9.5,0.5,77.6,56.9,10.5,4.6
"Rajasthan","Chittorgarh",45.1,96.8,86.6,100,30.2,13.7,1.3,0.5,67.5,56.1,11.9,4.3
"Rajasthan","Churu",52.9,88.2,52.5,93,31.4,12.9,5.2,0.4,87.9,63.9,13.1,5.4
"Rajasthan","Dausa",60.3,96.2,82.8,98.5,16.3,4.9,4.4,0.2,86.9,60.3,7.8,3
"Rajasthan","Dholpur",68.5,94.3,79.6,98.3,21.3,4.7,6,0.2,76,57.7,8.6,3.7
"Rajasthan","Dungarpur",72.6,93.7,53.3,96.9,38,6.7,0,0.3,85.5,66,9.9,1.9
"Rajasthan","Ganganagar",59,94,45.1,95.6,48.5,23.6,4.2,0.5,92.3,69.3,10.3,2.2
"Rajasthan","Hanumangarh",60.3,94.7,57.6,92.2,48.3,20.8,1.6,0.1,92,68.2,11.5,4
"Rajasthan","Jaipur",54.1,97.1,89.8,98.6,20.6,8.9,0.6,0.2,91.8,72.4,9.1,3.1
"Rajasthan","Jaisalmer",44.4,78.3,46.2,89.8,37.5,13.1,3.1,0.1,82.8,62.2,6.7,1.7
"Rajasthan","Jalore",59.9,85.3,62.5,97.4,38,15.2,1.7,0.5,79.8,60.4,7.9,1.6
"Rajasthan","Jhalawar",51.5,90.8,77.6,98.8,30.3,9.1,5.1,0.4,62.1,54.3,9.4,3.8
"Rajasthan","Jhunjhunu",55.4,96,52.4,98.5,38.8,16.5,3.1,0.7,93.6,74.4,12.5,5
"Rajasthan","Jodhpur",43.4,85.9,46.1,94.1,46.3,24.4,2.4,0.2,89.5,67.4,8.7,2.6
"Rajasthan","Karauli",61.5,95.9,70,98.2,14.1,2.2,2.4,0.4,73.8,53.3,7.5,1.7
"Rajasthan","Kota",51.8,91.8,71.9,98.4,37.3,11.9,7.4,0.3,83.3,76.5,10,2.8
"Rajasthan","Nagaur",45.3,92,42.6,95.3,40.6,19,1.3,0.3,86.6,67.2,10.6,2.9
"Rajasthan","Pali",58.8,93.1,61.1,100,43.8,20,1.3,0.1,94.1,74.4,8.5,1.9
"Rajasthan","Pratapgarh",53.1,97.2,67.7,96.5,17,2.7,0.8,0.4,67.6,53.5,11.8,3.4
"Rajasthan","Rajsamand",58.4,81.3,52.8,85.3,46.3,23.9,3.2,0.1,77.9,67.7,8.6,2.6
"Rajasthan","Sawai Madhopur",57.5,77.2,35.9,90.1,24.6,5.8,7,0.6,78.2,55.7,9.6,3.7
"Rajasthan","Sikar",44,80.6,38,95.7,45.1,25.8,3.2,0.2,94,71.8,12.1,4.3
"Rajasthan","Sirohi",64,92.5,77.8,91.2,42.5,21.4,2.9,0.3,74.2,60.6,10.8,2.1
"Rajasthan","Tonk",52.8,90.5,60.9,94.4,33.5,11.6,5.7,0.5,82.2,55.2,9.9,4.8
"Rajasthan","Udaipur",60.5,90.2,76.4,95.3,44.7,17.4,1.8,0.3,85.7,62,10,3.2
"Sikkim","Gangtok",43.3,0,0,0,48.3,27.6,0.5,14.5,84.8,90.1,15.4,11
"Sikkim","Gyalshing",42.7,98.5,0,96.9,48.6,17.3,2.1,20.5,92.4,85.7,23,8.9
"Sikkim","Mangan",36.7,100,0,100,74,61.9,0.7,22.7,75.3,81.4,22.3,13.1
"Sikkim","Namchi",39.8,89.5,0,89.5,71.3,46.2,0,15,85.3,90.5,19.6,15.8
"Tamil Nadu","Dindigul",42.6,95.6,72.5,97.6,85.7,63.6,0.4,0.1,98.9,78.2,16.6,5.7
"Tamil Nadu","Theni",41.2,96.6,80.9,98.5,85.6,60.3,0.2,0.3,99.7,85.7,20,6.1
"Telangana","Adilabad",61.1,81.9,7.4,91.6,44.4,21.8,1.7,2.1,77.9,64.8,13,6.5
"Telangana","Bhadradri Kothagudem",68.7,93.7,8,98,62.5,42.3,1,2.9,92.9,68.7,16.8,6.6
"Telangana","Hanumakonda",57.9,83.3,1.6,89.2,63.7,38.9,4.3,2.9,96.4,76.9,10.8,5.6
"Telangana","Hyderabad",52.7,75.4,2.5,82.1,72.2,38.4,0.8,0.7,94.2,83.6,14.2,5.3
"Telangana","Jagitial",56.3,93.2,9,95.7,53.5,36.3,0.4,2.6,90.2,62.4,11.9,5.8
"Telangana","Jangoan",57.5,94.7,0,94.7,59.4,34.8,2.7,11.3,93.6,65.5,13.4,6.2
"Telangana","Jayashankar Bhupalapally",65.9,94,6.5,96.9,58.9,35.3,1.9,4.3,90.8,58.9,15.8,7.9
"Telangana","Jogulamba Gadwal",64.6,92.4,0,95.2,56.6,27.6,3.7,7.1,77.3,45,13,5.3
"Telangana","Kamareddy",58.9,86.8,9.2,94.3,56.1,28.3,1.4,16.7,88.3,58.6,14.3,6.8
"Telangana","Karimnagar",61.1,88.5,2.6,95.8,48.8,38.6,2.1,5.6,94.1,70.3,11.8,5.8
"Telangana","Khammam",62.4,92.4,2.7,95,66.7,34.9,9.3,1.3,95.4,66.3,14.9,6.6
"Telangana","Kumuram Bheem Asifabad",67.3,98,17.9,98,49,18.8,2.2,3,79.6,51.7,13.3,5.5
"Telangana","Mahabubabad",62.8,87.4,0,89.7,52.1,32.4,1.5,12.6,92.8,58,11.6,6.1
"Telangana","Mahabubnagar",54.7,96.5,0,98.2,69.1,45.5,2.4,8,95.6,59.6,14,5.6
"Telangana","Mancherial",56.7,92.7,4.9,100,68.1,49,1.1,1.9,88.1,69.5,14.7,6.7
"Telangana","Medak",54.4,87.6,21,93.2,41.8,23.4,1.2,23.8,89.3,57.7,13.7,6.6
"Telangana","Medchal Malkajgiri",56.8,88.4,1.3,87.1,60.8,31.8,4.1,2.4,97.1,79.5,13,5.7
"Telangana","Mulugu",65.9,94,6.5,96.9,58.9,35.3,1.9,4.3,90.8,58.9,15.8,7.9
"Telangana","Nagarkurnool",54,88.8,1.7,91.9,65.9,41.1,2.9,11.8,96.6,57.1,12.9,6.5
"Telangana","Nalgonda",54.3,91.2,2.9,94.1,66.8,40.1,5.2,7.4,96.9,62.6,10.4,4.8
"Telangana","Nirmal",57.7,89.5,17.2,100,58.7,34.6,0,3.5,78.7,58.6,13.4,6.1
"Telangana","Nizamabad",57,96.7,13.4,95,40.9,28.2,1.1,9.8,88.8,63.1,13.6,6.7
"Telangana","Peddapalli",64.6,97,0,100,61,41.9,2,4.2,93.2,73.7,13.4,6.4
"Telangana","Rajanna Sircilla",56,94.4,1.5,96.4,55.2,34,2.1,6.1,92.2,64.7,15.9,7.3
"Telangana","Ranga Reddy",53.2,89.2,0,94.1,48.2,26.6,1.1,6.7,95.3,72.1,14.8,7.9
"Telangana","Sangareddy",48.3,90.2,15.8,95,44,21.6,0.8,11.2,92.2,63.6,14.9,6.3
"Telangana","Siddipet",56.7,84.2,13.4,93,60.6,41.5,3.1,8.3,88.4,71,11.5,6.6
"Telangana","Suryapet",57.5,84.5,0,88.2,67.1,38.9,4.3,6.1,95.5,63.5,12.7,6.2
"Telangana","Vikarabad",61,90.7,3.4,98.4,37.2,24.4,2.5,17,93.3,59.3,15,7.8
"Telangana","Wanaparthy",58.7,91.9,0,97.3,64.3,38.8,1.7,8.7,95.5,52.1,13.5,4.8
"Telangana","Warangal",59.3,93,0,93,51.9,35.2,4.6,6.5,93.5,60.1,15.4,6.2
"Telangana","Yadadri Bhuvanagiri",53.8,87.2,5.1,95.2,60.5,35.7,1.1,12.9,94.8,68.4,12.5,6.8
"The Dadra And Nagar Haveli And Daman And Diu","Dadra And Nagar Haveli",64.4,100,3.8,100,65.1,40,0.3,1.4,96.3,72.8,6.8,3.9
"The Dadra And Nagar Haveli And Daman And Diu","Daman",60.8,87.3,2.5,91.2,38.4,20.8,0.5,0.6,86.3,85.9,9.4,4.6
"The Dadra And Nagar Haveli And Daman And Diu","Diu",50.3,100,7,100,79.9,51.2,0.5,0.4,89,90.8,9.9,3.1
"Tripura","Dhalai",70,89,68.4,97.6,26,8.8,1.5,7.5,63.2,71.6,9,3.5
"Tripura","Gomati",62.3,83.9,34.8,91.8,22,6.6,1.6,9.4,71.5,77.2,10.5,3.6
"Tripura","Khowai",63.7,87.7,63.7,96.1,38,16.6,2,9.6,69.2,80.5,11.3,5.2
"Tripura","North Tripura",69.3,77.5,50.9,93.1,17.3,3.8,0.7,6.1,74.2,83.1,9.8,4.5
"Tripura","Sepahijala",69.4,89.6,60.8,97.6,18.8,6.8,0.4,8.1,68.3,79.6,9.9,4.3
"Tripura","South Tripura",66.5,81.1,55.6,89,29.5,13.3,3.2,5.6,49.6,80.3,11.4,4.9
"Tripura","Unakoti",67.9,78,57.3,85.1,31.6,14.3,1.6,3.4,56.8,76.4,10.9,5.2
"Tripura","West Tripura",67.3,94.1,74.7,100,31.8,7.1,0.5,3.5,81.5,86.2,12.7,6.6
"Uttar Pradesh","Agra",59.4,92.2,45.6,99.1,20.9,11.3,4.5,0.6,76.5,63.1,10.3,5.2
"Uttar Pradesh","Aligarh",56.5,78.6,69.5,93.3,25.2,12.6,3.2,0.1,79.6,66,11.8,4.3
"Uttar Pradesh","Ambedkar Nagar",52.7,84.9,55.6,90,25.2,11.6,1.6,0.2,77.5,76.2,9.1,5.6
"Uttar Pradesh","Amethi",46.1,82,65.2,96.8,15.9,10.4,3.7,0.4,71.8,63.3,12.7,5
"Uttar Pradesh","Amroha",47.6,86.1,61.1,95.3,23.5,4.2,0.4,0.4,74,61.2,13.4,4.2
"Uttar Pradesh","Auraiya",39.1,89.4,74.5,95.6,23.7,10.7,3.2,0.3,77.1,74.9,14.1,5.1
"Uttar Pradesh","Ayodhya",52.3,86.4,62.7,88.6,20.8,9.8,0.7,0.2,71,73.8,8.9,4
"Uttar Pradesh","Azamgarh",54.3,82.1,43.2,92.2,19.4,9.9,1.8,0.3,79.3,76.5,12,5.4
"Uttar Pradesh","Baghpat",53.3,91.5,81.2,92.8,33.8,8.6,0.6,0.3,81.4,76.3,13.3,6
"Uttar Pradesh","Bahraich",48.8,64.2,35.2,89.4,22.4,14.2,6.6,0.6,48.4,38.8,13.4,7.4
"Uttar Pradesh","Ballia",52.2,69.4,31.5,96.8,15.8,2.8,7.1,0.5,71.6,70,10.6,3.8
"Uttar Pradesh","Balrampur",53.7,67.5,34,86.4,23.9,12.4,5.4,0.4,53,43.2,13.7,7.1
"Uttar Pradesh","Banda",52.2,73.5,39.3,95,18,2.4,3.5,0.5,52.6,57,12.5,4.6
"Uttar Pradesh","Barabanki",55.3,78.3,30.1,94.9,12.5,5.3,4.8,0.2,58.1,56.1,11.1,6
"Uttar Pradesh","Bareilly",60.8,85.8,57.4,95.4,18,6.1,2.5,0.1,71.9,53.9,10.9,4.2
"Uttar Pradesh","Basti",39.9,76.3,45.6,93.1,15.9,7.2,7.7,0.2,73.3,63.2,11.2,6
"Uttar Pradesh","Bhadohi",43.8,78.6,59.1,87.8,12.9,5.7,1.6,0.1,74.8,69.7,9.3,4.1
"Uttar Pradesh","Bijnor",46,92.6,87,96.7,21.8,6.2,1.7,0.2,77,72.8,13.2,4.5
"Uttar Pradesh","Budaun",55.3,82.6,35.5,93.9,15.9,1.9,4.2,0.5,58.8,49.7,8.6,3.4
"Uttar Pradesh","Bulandshahr",52,80,65.6,92.9,30.4,7.8,1.8,0.2,79,69.2,13,6.4
"Uttar Pradesh","Chandauli",48.7,82.6,64,90.2,26.3,15.1,1.2,0.4,80.6,70.6,11.5,5.8
"Uttar Pradesh","Chitrakoot",46.6,76.8,54.5,84.8,13.4,7.2,1.9,0.5,55.8,56.2,8.4,3.1
"Uttar Pradesh","Deoria",33.8,79,61.7,92.6,13.8,7.4,1.6,0.3,76.9,71.3,10.3,5.8
"Uttar Pradesh","Etah",55.4,75,19.1,98.1,20,4.7,9.1,0.6,64.5,67.8,11.2,3.6
"Uttar Pradesh","Etawah",57.4,88,32.2,100,28.7,13.1,4.8,0.1,76.5,77.4,11.8,3.9
"Uttar Pradesh","Farrukhabad",56.9,82.7,34.7,95.3,24.5,10.5,4.1,0.3,61,63.1,9.1,3.4
"Uttar Pradesh","Fatehpur",63,76,20.2,90,17.7,6.8,1.9,0.8,70.4,62.3,10.5,4.3
"Uttar Pradesh","Firozabad",57.1,79.4,19.7,94.9,14.9,4.6,3.9,0.3,70,71.4,11.9,5
"Uttar Pradesh","Ghaziabad",55.2,79.1,64.7,90.2,47.8,22.6,0.8,0.1,91.7,80.1,10.3,6.4
"Uttar Pradesh","Ghazipur",45.7,71,33.9,95.8,10.6,2.1,5.3,0.2,77.6,72.4,9.1,3
"Uttar Pradesh","Gonda",49.3,70.5,21.1,90.5,17.2,12,11.2,0.4,61.4,57.7,12.2,6.1
"Uttar Pradesh","Gorakhpur",52.9,78.3,58.3,97.2,29.3,17,3.9,0.1,78.3,68.8,10.2,4.6
"Uttar Pradesh","Hamirpur",46.1,86.6,45,97.5,27.1,11.5,2.7,0.2,77.4,69.4,13.7,2.3
"Uttar Pradesh","Hapur",50.6,94.3,83.6,97.2,29,12.6,2,0.1,88.6,73.7,15.6,6.3
"Uttar Pradesh","Hardoi",59.7,76.8,37.5,88.7,23.8,13.2,3.4,0.1,63.8,55,11.9,4.4
"Uttar Pradesh","Hathras",58.2,85.2,27.6,95.1,15,6.5,7.6,0.5,66.9,65.5,13.6,6.3
"Uttar Pradesh","Jalaun",44.2,71.6,32,90.3,20.5,11.4,0.8,0.2,80.1,66.8,11.5,3.6
"Uttar Pradesh","Jaunpur",34,79.9,47.1,91.4,14.8,7.5,4.8,0.6,83.5,75.9,10.2,3.8
"Uttar Pradesh","Jhansi",41.3,69.2,30.3,94,24.7,13.1,3.4,0.3,82.1,69.2,11.7,2.4
"Uttar Pradesh","Kannauj",65.2,73.2,20.6,92.7,25.4,10.5,3.5,0.3,66.5,64.8,8.9,3.2
"Uttar Pradesh","Kanpur Dehat",54.9,69,24.2,85.5,24,13.7,1.5,0.4,76.2,70.8,7.2,3.7
"Uttar Pradesh","Kanpur Nagar",57,74.7,23.7,93.7,26.6,14.1,3.9,0.3,87.6,81.3,10.1,4.4
"Uttar Pradesh","Kasganj",64.6,82.4,26.4,94.9,22.4,7.2,6.1,0.4,55.4,56.4,9.3,4.8
"Uttar Pradesh","Kaushambi",54.4,73.8,57.2,92,21.3,11.5,1.8,0.2,67.1,58.6,5,3.4
"Uttar Pradesh","Kheri",53,77.5,56.4,88.3,12,7.8,1.3,0.2,58.1,57.5,12.8,5.7
"Uttar Pradesh","Kushi Nagar",42.3,85,44.1,91.9,17.8,9.7,5.9,0.2,77.3,62.5,9.3,4.6
"Uttar Pradesh","Lalitpur",38.1,80.9,38.9,94.7,26.8,9.9,0.8,0.7,63.8,55.3,10.7,4.7
"Uttar Pradesh","Mahoba",49.4,78.4,54.3,90.8,27.7,13.7,4,0.2,77.9,65.6,10.9,3.2
"Uttar Pradesh","Mahrajganj",47.1,92.4,68.5,96.8,26.5,12.2,4.2,0.3,80.6,62,11.3,5.2
"Uttar Pradesh","Mainpuri",57.8,86.1,22.1,94.5,16.2,3,4.9,0.5,71.3,74.2,9.7,3.3
"Uttar Pradesh","Mathura",63,91.7,23.9,98.3,14.1,3.7,6.4,0.1,74.7,64.4,13,6.2
"Uttar Pradesh","Mau",44.3,74.6,41.3,98.8,27.6,13.4,2.6,0.4,76.6,72,16.3,5.2
"Uttar Pradesh","Meerut",45.5,91.6,79.5,97.8,35.5,13.8,2,0.2,83.6,79,12.6,5.5
"Uttar Pradesh","Mirzapur",42.1,77.7,55.5,92.9,11.6,3.3,2.6,0.1,75.4,70.9,13.7,6.3
"Uttar Pradesh","Moradabad",44.9,90.2,61.2,97.2,17.2,2.9,2.2,0.3,78.5,66.7,13.6,6.4
"Uttar Pradesh","Muzaffarnagar",46,75.5,62.2,91.1,34.5,8.4,0.5,0.3,78.1,72.1,14.9,5
"Uttar Pradesh","Pilibhit",52,94,70.2,97,26.3,4.8,3.7,0.2,71.1,54.7,11.8,5.5
"Uttar Pradesh","Pratapgarh",48.9,82.8,42.8,89.1,22.8,8.2,1.6,0.5,69.1,74.8,10.2,4.9
"Uttar Pradesh","Prayagraj",46.4,67.2,53.6,85.4,22.3,12,0.7,0.2,79.9,67.7,7.9,3.1
"Uttar Pradesh","Rae Bareli",48.2,81.8,27.2,93.9,16,4.8,4,0.5,70.9,62.8,11.3,5.9
"Uttar Pradesh","Rampur",55.4,88.7,61.8,96.1,32.7,12.5,5.3,0.1,74.3,57,10.7,5.1
"Uttar Pradesh","Saharanpur",41.4,92.9,56.9,97.3,25.7,7.5,3.9,0.5,76.7,71.2,15.5,6.5
"Uttar Pradesh","Sambhal",51.3,89.6,73.5,95.7,21.3,5.6,2.1,0.2,60.2,51.3,14.2,4.8
"Uttar Pradesh","Sant Kabir Nagar",43.5,87.8,37.7,95.5,23.8,9.8,4.9,0.3,63.4,61.3,13,5.7
"Uttar Pradesh","Shahjahanpur",60.3,88.1,48.6,97.3,24.5,5.8,7.3,0.2,59.6,56.8,11.2,4.1
"Uttar Pradesh","Shamli",41.7,91.1,76.9,97.5,25,6.7,1.3,0.3,74.1,64.2,12.7,7
"Uttar Pradesh","Shrawasti",44.4,76.1,33.4,92.2,16.6,8.8,6.7,0.3,47.4,39.1,9.8,4.6
"Uttar Pradesh","Siddharth Nagar",51.2,77.1,53.6,97.1,31.7,17.9,4.3,0.2,63,48.3,11.8,5.3
"Uttar Pradesh","Sitapur",55.3,81.8,51.4,91.7,18,9.6,5.4,0.1,55.5,53.4,11.4,5.5
"Uttar Pradesh","Sonbhadra",44.5,83.6,51.4,93.6,28,12.5,2.9,0.6,68.9,60.9,12.9,5
"Uttar Pradesh","Sultanpur",50.2,87.8,55.5,94.5,27.8,12.4,1.3,0.1,74.8,71.9,13,5.8
"Uttar Pradesh","Unnao",48.9,71.5,26.2,88.8,18.6,9.6,2.3,0.3,65.4,64.4,13.5,5.7
"Uttar Pradesh","Varanasi",37.6,84.3,48.4,96.1,30.1,10.7,2.1,0.4,85.6,79,13.3,3.9
"Uttarakhand","Almora",33.4,85.1,19.6,96.3,38.6,20.9,4,0.1,88.6,86.3,13.6,8.2
"Uttarakhand","Champawat",32.5,97.2,46.7,98,57.7,30.7,0,0.2,94.4,83.8,12.9,5
"Uttarakhand","Haridwar",43.8,86.2,23.2,92.6,38.2,21.8,3.9,0.4,85.4,73.7,15,6.9
"Uttarakhand","Nainital",34.5,87.7,20.3,97.4,45.7,29.4,2.4,0.4,90.7,83.9,14.3,5.9
"Uttarakhand","Pithoragarh",25.5,100,43.4,100,52.6,24.3,0.5,0.3,94.6,87.6,14.8,6.7
"Uttarakhand","Rudra Prayag",40.6,95.7,43.6,97.1,51.9,28.7,0.9,0.2,96.8,86.1,12.7,4.4
"Uttarakhand","Tehri Garhwal",42.2,98.6,10.4,100,57.6,27.5,2.5,0.2,93.7,74.9,13,5.5
"Uttarakhand","Udam Singh Nagar",51,90.1,43.9,94.8,45.7,23.2,1.9,0.4,93.6,70.4,12.6,7.2
"Uttarakhand","Uttar Kashi",60.9,94.3,44.4,89.9,46.9,18.9,1.7,0.5,90.2,80.1,12.5,5
"West Bengal","Bankura",77,93.7,6.4,97.8,60.5,23.3,4.3,0.6,79,68.3,11.5,5.1
"West Bengal","Birbhum",77.7,98.4,0,95.2,51.5,16.2,4.7,1.7,79.3,70.8,10.7,4
"West Bengal","Coochbehar",74.8,94.2,0,98.5,58.8,28.3,2.5,0.3,83.5,79.2,12.8,6.1
"West Bengal","Dakshin Dinajpur",82,96.7,0,100,76.2,36.2,2.1,2.3,76.6,74.3,9.7,4.1
"West Bengal","Darjeeling",59.2,98.3,5.4,100,62.2,30.1,3.1,5.8,92.7,77,16.2,10.1
"West Bengal","Hooghly",75.1,95.4,2.2,100,68.1,42.3,0.8,1.5,86.5,77.4,12.2,5.4
"West Bengal","Howrah",65.3,93.4,3.9,96.2,69.2,33.1,5.6,0.7,94.1,80.5,13.6,6.8
"West Bengal","Jalpaiguri",71.4,94.8,0,98.3,70.7,29,2.1,2.8,82.3,73.6,12.6,6.3
"West Bengal","Kolkata",58.2,91,2.8,97.7,67.5,33.8,2.6,1,97.5,87.6,15.1,4.9
"West Bengal","Malda",73.6,94.1,0,100,58.8,27.8,2.3,0.3,83.6,72.3,11.4,5.5
"West Bengal","Murshidabad",77.6,95.4,1.4,97.7,52.8,30.6,2.4,0.9,85.7,67.6,10,5.3
"West Bengal","Nadia",73.4,97.3,0,100,57.9,23.8,3.3,0.4,83.4,76.2,11.3,5.3
"West Bengal","North 24 Parganas",65.3,97.7,2.2,97.7,73.3,35.7,2,0.4,89.6,85.5,11.1,5
"West Bengal","Paschim Bardhaman",65.8,90.8,0,95.9,57,30.8,2,0.8,84.4,73.5,9.6,4.3
"West Bengal","Paschim Medinipur",81.5,93.7,0,100,64.3,31.9,1.4,1.5,67.3,70.9,9.1,5
"West Bengal","Purba Bardhaman",77.9,100,0,100,68.3,33.6,5,1.2,80.4,73.2,11.5,5.7
"West Bengal","Purba Medinipur",70.4,91.7,9.5,100,51.6,32.9,3.8,2,78.4,77,9.6,4.7
"West Bengal","Purulia",76.7,91.6,3.3,96.6,53.4,26.4,4,1.1,72.7,61,9.6,3.9
"West Bengal","South 24 Parganas",61.6,94.9,1.7,100,67.2,32.7,1.6,0.4,80.3,85.6,13.5,5.6
"West Bengal","Uttar Dinajpur",72.4,92.4,0,97.5,59.3,28.9,4.3,1.7,79.6,65.4,10.4,3.9
